"seller_zip_code_prefix","seller_id","seller_city","geolocation_lat","geolocation_lng"
"1238","f00f5b35d0abcacbdd863672f4bb2c1a","SAO PAULO","-23.54195269441404","-46.65931762155928"
"11450","9b013e03b2ab786505a1d3b5c0756754","VICENTE DE CARVALHO","-23.939318620030072","-46.30539278864907"
"3370","e3d3b3efac954a60d61be70b7e05b49b","SAO PAULO","-23.56799537246812","-46.55762524340702"
"7192","5563732abe64c3036cb97ad924128dd1","GUARULHOS","-23.451856155981304","-46.50616235789715"
"3561","b5b800c4065bebf4d3442311c9857344","SAO PAULO","-23.547426852068778","-46.49706910491086"
"17400","160851d3ece7aa1a510f8d1a4bb8a8af","GARCA","-22.207471450417557","-49.66454282461354"
"3062","ae45df84722b1d15c5f32b23a095746c","SAO PAULO","-23.54268733028447","-46.59453248320733"
"13960","a5a1bfcf728ab0e19182959cf0771ee4","SOCORRO","-22.59496246184797","-46.521509282521215"
"2727","70b52a4cfc823994561b00bad161b4ed","SAO PAULO","-23.496255366639726","-46.68632056549718"
"15130","ffeee66ac5d5a62fe688b9d26f83f534","MIRASSOL","-20.806068345905754","-49.50314249273567"
"1208","70c4eedec9cb4a85cda2f3f9673557b4","SAO PAULO","-23.540822507357582","-46.6397147149576"
"6717","33ac3e28642ab8bda860a2f693000e78","COTIA","-23.60835991345294","-46.9219294390137"
"1223","7e959205cebc10adefcb331f934238a4","SAO PAULO","-23.54377251788917","-46.6482729970858"
"1201","610f72e407cdd7caaa2f8167b0163fd8","SAO PAULO","-23.53435725950717","-46.64935629739165"
"3725","503c1de08ae81a2d86f17951b204db55","SAO PAULO","-23.50123246128435","-46.519058483621635"
"6056","55f7a3319d80f7fdf078b8f03e6725fe","OSASCO","-23.565986162357948","-46.785042126550934"
"15085","5c3460cd3e8a984382ae254e7dd20d9f","SAO JOSE DO RIO PRETO","-20.840885432202327","-49.382340619858695"
"3679","5a413ade68e8f8d93071a7f52a64cb9e","SAO PAULO","-23.51743989953255","-46.48587764709451"
"7600","93b9a99027bd8bd6af682aff18dd19bf","MAIRIPORA","-23.323581622627874","-46.571516434161296"
"8260","8ff38bc3969e67c36c48343a07090f66","SAO PAULO","-23.57090931531151","-46.4279956630623"
"13500","730937bf88cb151eb2eb849f642fc213","RIO CLARO","-22.402133192076768","-47.56233402025511"
"8270","6f892e20a171e98efe17fdb971ff319b","SAO PAULO","-23.561429793236705","-46.45562471787179"
"1156","aa2640d851ec322526f1295bbeb20092","SAO PAULO","-23.531495310835297","-46.66274838217697"
"6460","2f9b7ce230a057a98a9f5df5893ee36c","BARUERI","-23.50445927126197","-46.84497058265231"
"13214","aa17b35ce4de7b565be3249ba838944f","JUNDIAI","-23.148804478137823","-46.92948882832884"
"4291","f0ec78809fe0bc3edb11c9fe5b97b059","SAO PAULO","-23.618294465722204","-46.612940626146916"
"3445","ec2e006556300a79a5a91e4876ab3a56","SAO PAULO","-23.549276996393314","-46.52600554010618"
"4782","955fee9216a65b617aa5c0531780ce60","SAO PAULO","-23.693985995008337","-46.70188324132953"
"9721","a3b0df0065e264a91b7bbf5f844af5cd","SAO BERNARDO DO CAPO","-23.720745783772987","-46.548089706907525"
"13347","cac4c8e7b1ca6252d8f20b2fc1a2e4af","INDAIATUBA","-23.141554810215275","-47.23811647179686"
"4317","c1f12f926d0ba950578b4fa41115cbb6","SAO PAULO","-23.638742341921716","-46.63180247157553"
"6852","b5d034ac251546e25afe9067f05c1539","ITAPECERICA DA SERRA","-23.711999038621553","-46.85931236190325"
"13840","822b63912576852aea9a8436d72317b7","MOGI GUACU","-22.359648157307664","-46.93603474635176"
"2189","8fdca8e349553f99bc738833a62c8802","SAO PAULO","-23.507621497085808","-46.566162434502836"
"13101","2eb70248d66e0e3ef83659f71b244378","CAMPINAS","-22.90081444463038","-46.99864279239999"
"2804","20d83f3ef0e6925fd74bfd59170babf7","SAO PAULO","-23.48381025284207","-46.69528157314321"
"3306","aced59e9b31ef866a94f9e7f29d8d418","SAO PAULO","-23.542500729672774","-46.57631077214489"
"13720","63b9ae557efed31d1f7687917d248a8d","SAO JOSE DO RIO PARDO","-21.608244128632368","-46.8980486332481"
"14801","ef30892870c278497523264be1be2241","ARARAQUARA","-21.791810757874114","-48.17941473631296"
"19815","5ab05b6d86d417796c69ffd6774ec832","ASSIS","-22.651747459893826","-50.38975850805008"
"3124","3e35a8bb43569389d3cebef0ce820f69","SAO PAULO","-23.56786401832186","-46.59242413059029"
"12914","51a04a8a6bdcb23deccc82b0b80742cf","BRAGANCA PAULISTA","-22.971647510075705","-46.533618411706854"
"9687","98115075dd26cb8835946fc6086f5d30","AO BERNARDO DO CAMPO","-23.672131057580494","-46.5974528287911"
"5030","4ebdc7e6cd6102a022dadc49156d4ea8","SAO PAULO","-23.541074779906506","-46.69219306549716"
"12943","d4ffeb15b67e81ff9af2b4252d99fb7e","ATIBAIA","-23.13303983152522","-46.568457780599005"
"4083","365e445f796710c3431557e85caa25db","SAO PAULO","-23.611144809596667","-46.66417225200534"
"4773","e06f09ec0a4aca210779cf1cfc63cf19","SAO PAULO","-23.683423768852318","-46.709779139344434"
"4101","6bb66d9870c2e01c05655c7ed0e7ee13","SAO PAULO","-23.580081702464113","-46.639129312366634"
"1212","010543a62bd80aa422851e79a3bc7540","SAO PAULO","-23.537511255832708","-46.637057307436756"
"7032","fcb5ace8bcc92f75707dc0f01a27d269","GUARULHOS","-23.505429268942237","-46.54869177407812"
"12940","f615fe7efbef0f4f08fd3086bc7a3e60","ATIBAIA","-23.116930993623352","-46.55396439133822"
"16012","efcd8d2104f1a05d028af7bad20d974b","ARACATUBA","-21.218321545934558","-50.400362346932894"
"3211","157c3e4b42f81ac4a44e8b1ca2fe9876","SAO PAULO","-23.60262394182404","-46.55136429842682"
"1031","d594982fd877af63ace38ea1fca27c76","SAO PAULO","-23.536864121011018","-46.63349313820771"
"6440","8f119a0aee85c0c8fc534629734e94fd","BARUERI","-23.510524969129598","-46.86104614786531"
"4363","ba5daa4041e1f15cdf34b76e3e18a450","SAO PAULO","-23.646845934214372","-46.6660547231519"
"4843","9b522ba7eae9e1d04082f267144583cc","SAO PAULO","-23.740286123232718","-46.69436740882336"
"5571","432c67955c0acd1fd6b0b5d678766a71","SAO PAULO","-23.592660045242067","-46.79704030919264"
"12914","f44bdc12aa39f5271f0b95f66cd4c289","BRAGANCA PAULISTA","-22.95785193949449","-46.53898240368748"
"14860","1d139e3a3b14025640d8df1b230aace0","BARRINHA","-21.182360068257925","-48.15822670677218"
"4937","cf6f6bc4df3999b9c6440f124fb2f687","SAO PAULO","-23.686979510964274","-46.76072726380634"
"5061","ee2fbacc2fc3794e656cc4d933d59ce7","SAO PAULO","-23.53961683236193","-46.70566371911255"
"13830","f97e2b0650c2068227e1d366140eb62f","SANTO ANTONIO DE POSSE","-22.607003040200272","-46.91414970477579"
"13840","902c99f1ac505c0d18778b61bcd636f7","MOGI GUACU","-22.354182678869392","-46.923056233781665"
"1031","f4aba7c0bca51484c30ab7bdc34bcdd1","SAO PAULO","-23.537304315614186","-46.633862438491114"
"13601","31da954dc0855f2495c6310f70a2f931","ARARAS","-22.363302142939553","-47.38673630322003"
"3270","6dc9bec584588412a6a338830946a3e4","SAO PAULO","-23.602162547319526","-46.521245728980276"
"9640","c85d7b477a709c85a1e8b8f25aa1b270","SAO BERNARDO DO CAMPO","-23.662697333602686","-46.5741239317042"
"12940","128f9bfbe4c7d5185033914b1de3d39a","ATIBAIA","-23.11390755590767","-46.542579705522954"
"15051","28fb0829fd777877cdc350d25cb5bd5b","SAO JOSE DO RIO PRET","-20.89887671578811","-49.36613976344353"
"18085","c4f7fee5b0db50e87766f5a4d1b1b758","SOROCABA","-23.468697894347375","-47.438978129410216"
"12080","ccf8813e5a7d6c84d865cd38bfc2b130","TAUBATE","-23.018484737115738","-45.54992786161637"
"12940","16090f2ca825584b5a147ab24aa30c86","ATIBAIA","-23.11114432944774","-46.546011350683806"
"8290","960945e1a9535cbc0cd6ddd35fbe7ae8","SAO PAULO","-23.551013388568272","-46.44848890729416"
"17504","4a3ccda38b2129705f3fb522db62ca31","MARILIA","-22.214731808036426","-49.96619857883034"
"9434","43402bdf22aa2310e8f99e2f94f78628","RIBEIRAO PIRES","-23.657379641968312","-46.37402022795534"
"14085","2cb98e27ce1c18abdb42209b34c382a7","RIBEIRAO PRETO","-21.168504408823374","-47.79370519233655"
"14096","0761743cbffb25d7148189e9f1a5f03a","RIBEIRAO PRETO","-21.21028514293956","-47.77279580322002"
"8500","a0d7fbb07bb5ebc3b05980e750db56f3","FERRAZ DE VASCONCELOS","-23.54278837385309","-46.36699847002138"
"9182","d5b9a084373da994a6e37f732169a853","SANTO ANDRE","-23.694369129061098","-46.53028316527214"
"15085","0307f7565ff85b299b6e5ef162b1b1a9","SAO JOSE DO RIO PRETO","-20.833944725880585","-49.38870028637456"
"7023","0725b8c0f3f906e58f70cbe76b7c748c","GUARULHOS","-23.476548362909806","-46.542099243663436"
"14402","dbc51f5e45d654ecc16cb68e6817ecea","FRANCA","-20.5251219370028","-47.35986351634621"
"1303","f0ec6a2adb05c62655a26dd347b8dede","SAO PAULO","-23.55001132944774","-46.64818240521669"
"3431","0af2ab31141893d26aca5a404a537dab","SAO PAULO","-23.548066710802658","-46.54405460505509"
"15840","5bba18b40e8c973b0f32e748004775b0","ITAJOBI","-21.31659353471437","-49.05362504097931"
"17400","c12b92bf1c350f3e6bf88d3596219c86","GARCA","-22.226137514067972","-49.65383192011686"
"1212","bd0a1b0aadca9a83d9304f7e8ff5fbd5","SAO PAULO","-23.537083672773957","-46.639449309048416"
"4209","4d9fea3499bdc22aa4da4e339365f215","SAO PAULO","-23.576732895118315","-46.602909493926106"
"18030","6fa9202c10491e472dffd59a3e82b2a3","SOROCABA","-23.50590292645274","-47.46270406757463"
"6717","3820c6537b3853be1a0687d5a60807ec","COTIA","-23.613446521394255","-46.9123092514118"
"9416","08633c14ef2db992c11f840f04fad4cd","RIBEIRAO PIRES","-23.734072610599526","-46.442410009208444"
"3028","cb3dd9ce66268c7a3ca7241ac70ab58c","SAO PAULO","-23.52697217736158","-46.610979191240034"
"12940","bbaff50f3b708fda865918715276cd87","ATIBAIA","-23.117628059120527","-46.550407777684796"
"16800","9e6229250fedbe05838fef417b74e7fb","MIRANDOPOLIS","-21.131534491601712","-51.10568265114781"
"2035","c004e5ea15737026cecaee0447e00b75","SAO PAULO","-23.500394999999997","-46.62233251442673"
"14075","76c47a299e4a8fe992316a85865acbe9","RIBEIRAO PRETO","-21.130345746958483","-47.78725104184873"
"2750","7caa63f175b1cecbfaadd8b5ab9998c7","SAO PAULO","-23.493106676380634","-46.679616398003326"
"14096","ac51cac5e20d69ff485a54746488ef48","RIBEIRAO PRETO","-21.197994153181128","-47.779317275572765"
"9182","397c4d0c005b6f41f90098ac724e28cb","SANTO ANDRE","-23.69409389064575","-46.53221039009749"
"13465","5a6a02f419701fc8c605af71d4fc57a4","AMERICANA","-22.743316613653423","-47.332510051070436"
"13483","e5a3438891c0bfdb9394643f95273d8e","LIMEIRA","-22.56835042131686","-47.44743947974489"
"15062","66d5ae34537110d3affc56174dad2b2f","SAO JOSE DO RIO PRETO","-20.832391979671073","-49.33780073339066"
"4424","e6a69c4a27dfdd98ffe5aa757ad744bc","SAO PAULO","-23.68479460644006","-46.641450174303166"
"15840","054694fa03fe82cec4b7551487331d74","ITAJOBI","-21.311150026298016","-49.0511614229539"
"14096","2d2c62bef4c8ba0dd74e0e228e808539","RIBEIRAO PRETO","-21.197279839027036","-47.775671083674794"
"4209","97e50a621f8e801f4baf69e08687c192","SAO PAULO","-23.581842935887803","-46.60117984194124"
"7152","6b90f847357d8981edd79a1eb1bf0acb","GUARULHOS","-23.408025319336886","-46.47133305879546"
"8260","ed4acab38528488b65a9a9c603ff024a","SAO PAULO","-23.55860361532686","-46.431162329245254"
"3679","fcf16b7a8697e559f0123190bb30177d","SAO PAULO","-23.520015094090816","-46.4878577463212"
"18053","c8cc60ffd415254af5d9b9f34f32c369","SOROCABA","-23.498115496249095","-47.51679150000001"
"13060","8e2b3afb420011ef0c88c9d5f11ea526","CAMPINAS","-22.943830511384977","-47.11233196480047"
"4307","bb2afe2061d53c6968aa0cffa233a8ec","SAO PAULO","-23.627894217323533","-46.642414903687474"
"6419","cb162c8eef257253782d245c08d9097c","BARUERI","-23.475866148343336","-46.88521871906254"
"9405","751bdc4d83a466c7206cd42e8f426b03","RIBEIRAO PIRES","-23.70206320161832","-46.40534820551376"
"1127","f5b84683a9bf9e1df748cf40f601b39c","SAO PAULO","-23.527735040250406","-46.64480016028046"
"12238","4e85b538b0dad58852641540686d0e14","SAO JOSE DOS CAMPOS","-23.263785424892976","-45.91583795162459"
"14075","11d4c477d09821164bca4f70a2eae031","RIBEIRAO PRETO","-21.152969235356927","-47.77227625506376"
"7600","f682e0f848abafc6f41e0d4e868c66ef","MAIRIPORA","-23.319351000000005","-46.58600924999999"
"13347","8c5e007d7bd5693fa1386ffefbc99f6c","INDAIATUBA","-23.134722066333893","-47.221584962115514"
"2238","d93b8458c6fe139d85cfa5eadbf55bd2","SAO PAULO","-23.47019809031553","-46.56484109288583"
"7901","0e44d110fa6a54e121cb2c095a77762f","FRANCISCO MORATO","-23.284659522264132","-46.74530930552704"
"18053","8ea394aed8138685abe1eb9f25e1021d","SOROCABA","-23.501452661953905","-47.5112894768307"
"3548","c24173065483e421f9e5e7f599de101d","SAO PAULO","-23.540828291419043","-46.51230345865307"
"4208","876182d1918783bbe15233febfbd4926","SAO PAULO","-23.584614569248075","-46.60193214931619"
"7242","e819bcfade7b5d88a27325eb6cfd62c5","GUARULHOS","-23.440201260892156","-46.42148489425242"
"8452","2305ab43e846518f58dd9d59f3f54e96","SAO PAULO","-23.53930161993744","-46.39311345476973"
"13347","e89c4adbe7b1d0819dbb636e16461cf1","INDAIATUBA","-23.14074663177473","-47.24025890502938"
"17400","527801b552d0077ffd170872eb49683b","GARCA","-22.21044478982765","-49.652952114080456"
"7023","edc518ba25576a0188a0e8f2c3af186f","GUARULHOS","-23.478156","-46.5416505"
"8011","bb3dca718920a4d7ec3cc9ffb025108b","SAO PAULO","-23.494074443793657","-46.44765937177561"
"1139","1f7dfad2cb384ea4d2d7e1ffbd78c407","SAO PAULO","-23.52076037607479","-46.661384138207694"
"6154","7b7f91e98f8c6def45a1407923304402","OSASCO","-23.55920378766813","-46.80348418373821"
"2610","77128dec4bec4878c37ab7d6169d6f26","SAO PAULO","-23.47592805522538","-46.66587696517395"
"9270","5343d0649eca2a983820bfe93fc4d17e","SANTO ANDRE","-23.63888466388715","-46.49858921994927"
"13504","eb72802c83dc7547529c9546d1a9b8ef","RIO CLARO","-22.38438072912452","-47.586364840844695"
"13290","0adac9fbd9a2b63cccaac4f8756c1ca8","LOUVEIRA","-23.084125277105812","-46.98121307089687"
"2261","e9e446d01bd10a97a8ffcfc4a3a20cb2","SAO PAULO","-23.467359865947238","-46.57715992131685"
"4424","a37c340b91cb0169e8b029db6440fba2","SAO PAULO","-23.68729227976227","-46.6417415487045"
"13730","d3f39f05462b79a4562d35893a28f159","MOCOCA","-21.46569907614626","-47.00475479474461"
"1156","74a9b9bddf14ece02beb81f52c41a88d","SAO PAULO","-23.5298272739339","-46.66466605744709"
"14096","670a9dda115b5a88b18cfadee8de2332","RIBEIRAO PRETO","-21.197994153181128","-47.779317275572765"
"4256","bf0045791395e66460eb04749c68672a","SAO PAULO","-23.631438405216702","-46.58678453580699"
"8577","38874e327ce94d11390b96eb42d61928","ITAQUAQUECETUBA","-23.483042264282698","-46.37493447931138"
"15070","a2e874074c877c5a05abae80ad6e488f","SAO JOSE DO RIO PRETO","-20.813873836511622","-49.36592895850951"
"9721","0ddefe3c7a032b91f4e25b9c3a08fca1","SAO BERNARDO DO CAMPO","-23.72006835137629","-46.55023088576964"
"14085","ebe3dabc4955c9b0d695e7bda38bf5c3","RIBEIRAO PRETO","-21.159944612268443","-47.79639075437129"
"13214","534a01cc6df1e034e05c32028a291fa2","JUNDIAI","-23.160985042991708","-46.93085640146579"
"5756","deaadd805612bf94faaa9fa702516e11","SAO PAULO","-23.622378899038896","-46.756199559667984"
"6716","25cf099de44674fde97473224f9d59ab","COTIA","-23.60522961818243","-46.90761789965579"
"14075","fcdd820084f17e9982427971e4e9d47f","RIBEIRAO PRETO","-21.14913550735759","-47.79102776074792"
"13170","fa1c13f2614d7b5c4749cbc52fecda94","SUMARE","-22.828654864562257","-47.267296160568925"
"4119","cd06602b43d8800bd0afad514919d35c","SAO PAULO","-23.600995072162263","-46.63496187621901"
"12401","99cd94252748d2bdde08e17858233602","SAO PAULO","-22.92142919454418","-45.46479177296298"
"13504","58c851d1a3c7cd3da329eb59453fed44","RIO CLARO","-22.39766856370815","-47.58935846240399"
"3631","ac137bac82ffa8548e62bd9d01d2a14f","SAO PAULO","-23.531338948381293","-46.55065022286344"
"13500","e64d65bc8dbec2accda90c58de5d1246","RIO CLARO","-22.41491433417961","-47.563594271712205"
"8410","8931a84a914b3fe9b1ddaa4d704947ca","SAO PAULO","-23.547588411881797","-46.421000747994654"
"14801","d6b664fa0667064c6d76394e7848d790","ARARAQUARA","-21.787360438801993","-48.19339828795659"
"12238","389e45560e33d2d0747f949dcddbc08e","SAO JOSE DOS CAMPOS","-23.257211793784972","-45.91266857937564"
"14075","5ef131ac72773e5b3f6c0d63cf424657","RIBEIRAO PRETO","-21.137213923394334","-47.79699142339434"
"2739","cc1f04647be106ba74e62b21f358af25","SAO PAULO","-23.485809164031377","-46.68889056841136"
"2022","da2782c804606d2a5d8e1760dbb3e7ec","SAO PAULO","-23.50623786745398","-46.64043238758518"
"3087","c6bda72e4dbf5c5866b13cb1810c6d03","SAO PAULO","-23.5300706924808","-46.56414335887811"
"1212","8b321bb669392f5163d04c59e235e066","SAO PAULO","-23.537511255832708","-46.637057307436756"
"2047","7bcd7c5f8631701474db233ccf1c094b","SAO PAULO","-23.51836389286744","-46.61420872522939"
"15940","60da8bfa7eebe230b7d66ac4082d79b3","FERNANDO PRESTES","-21.26939795334422","-48.68728548231494"
"2752","aac51c486b672a9850d59f3e84b1cf88","SAO PAULO","-23.495997921014894","-46.68376870640487"
"13465","ffad1e7127fb622cb64a900751590acd","AMERICANA","-22.74703919816495","-47.34322030252755"
"3287","31561f325664a8a7aba4c8d0c3a9b3db","SAO PAULO","-23.59519232500434","-46.53381915834724"
"5571","ed49da7cadefc454d6a67de249eab240","SAO PAULO","-23.506988651437847","-46.373080746739596"
"8270","97512d3fc193b2d1dfcdba0f9d1f0f8a","SAO PAULO","-23.56336298733478","-46.4596838214109"
"8411","8daab2245ebdc277c51098d01c5ad8ef","SAO PAULO","-23.55512973105776","-46.415532792399986"
"13840","c3e1abd72a42fe690fcd89cf5720fe29","MOGI GUACU","-22.366660879718946","-46.942292551690244"
"1226","e908c0f3646e8b60375734a350d95d71","SAO PAULO","-23.534478565641404","-46.65502761740432"
"7122","749e7cdabbaf72f16677859e27874ba5","GUARULHOS","-23.447025555369624","-46.519970678602334"
"6040","36890be00bbfc1cdb9a4a38a6af05a69","OSASCO","-23.57022881903173","-46.782038735760956"
"6717","83d7070a0b9a8b4625fa8682b819fabb","COTIA","-23.605165131282796","-46.92504614654623"
"1208","9535a841eecebed61a9fb1ac1cbb5597","SAO PAULO","-23.540822507357582","-46.6397147149576"
"2443","8a32e327fe2c1b3511609d81aaf9f042","SAO PAULO","-23.472335179294816","-46.64636526449883"
"4547","2235cf78d3e2073a88146a9cb60f0dd0","SAO PAULO","-23.593508999999994","-46.69160489873891"
"14808","61b18775be84fb700a6b2d0ba097bf66","ARARAQUARA","-21.837461406053414","-48.144462998615005"
"13040","3d01d1c414c44b5943a09619ff3853cb","CAMPINAS","-22.926904742714527","-47.067241683593984"
"4208","491a5ada3aa1678414e990262c4bbdc1","SAO PAULO","-23.593573791563273","-46.60114136900567"
"4364","38af8acfd46ac4a7bf754e8ca6736664","SAO PAULO","-23.651760091032394","-46.67056245669116"
"12913","e24fc9fcd865784fb25705606fe3dfe7","BRAGANCA PAULISTA","-22.95750491772243","-46.52488623678449"
"3017","a49928bcdf77c55c6d6e05e09a9b4ca5","SAO PAULO","-23.532447184574945","-46.61401961463438"
"13720","4324dd16853115efb0fd9d0d131ba6f4","SAO JOSE DO RIO PARDO","-21.592175195884263","-46.89389599036144"
"14801","7816cd9c5b1238e320545f5bf7eb80e8","ARARAQUARA","-21.779880935339545","-48.18192791395927"
"19063","81f89e42267213cb94da7ddc301651da","PRESIDENTE PRUDENTE","-22.131826190859826","-51.450761316949546"
"3445","d1582f4043306e6b91afa6a8a884f898","SAO PAULO","-23.54901869969416","-46.53016813419699"
"9443","039b29ff3b3473435d0cd59040575de9","RIBEIRAO PIRES","-23.676027730141065","-46.34579957525459"
"4186","d9bd94811c3338dceb4181f3dbc0c73e","SAO PAULO","-23.65281620260835","-46.599410268249756"
"14315","10076e5788b8ee532724bcd460baf762","BATATAIS","-20.90094932674236","-47.589068321785064"
"3306","323ce52b5b81df2cd804b017b7f09aa7","SAO PAULO","-23.543005704137553","-46.57616880489346"
"4782","62c50c1af4dfdc4149d25c5222043d39","SAO PAULO","-23.690135955306197","-46.70487596655891"
"8743","da3fede3469bf49b7293ce3fc45b294d","MOGI DAS CRUZES","-23.554576919483395","-46.210902737743304"
"12328","bacb1f0ed56ad24198f5810d2b3fe9a5","JACAREI","-23.28798077892242","-45.9570349350898"
"15130","a45314082d50d578a4721c9787ce09ab","MIRASSOL","-20.820957229830732","-49.52640152846772"
"4144","5bf397d04035b5f45cc41e82ec106803","SAO PAULO","-23.617820807663428","-46.63791917277396"
"12080","49383af7ab774e4e8f3000f49c83dc4b","TAUBATE","-23.014906457628143","-45.55074777537135"
"6473","3be5841cdcc46de4ed3f9116f104b2c5","BARUERI","-23.4815270104764","-46.86658899220148"
"13720","3078096983cf766a32a06257648502d1","SCAO JOSE DO RIO PARDO","-21.606873631041452","-46.88965049547445"
"4104","f8d5c7085db9a4ad2b8c1ffbeb2798c8","SAO PAULO","-23.576789336112842","-46.637854045934546"
"5417","f35b3c613c4f7b2275f4185d0a3c59ec","SAO PAULO","-23.56536319233657","-46.68764024978366"
"8411","04fdea0c111866e6cf812f1570d6b5bd","SAO PAULO","-23.553961637514817","-46.410232405694444"
"8577","7c67e1448b00f6e969d365cea6b010ab","ITAQUAQUECETUBA","-23.482623440635415","-46.37448952833195"
"13040","3d39fbf22a665714baf62fae36029e23","CAMPINAS","-22.926834499954097","-47.06377278611466"
"1201","131fcb0a0c9a47bba4474aacff0f14b7","SAO PAULO","-23.534080522072767","-46.65184199999999"
"4293","6bd69102ab48df500790a8cecfc285c2","SAO PAULO","-23.621298213976644","-46.61707660851753"
"14075","9d69ba0a7a626a64dc5db08e529559cf","RIBEIRAO PRETO","-21.148847518177636","-47.79094624646543"
"19023","fa74b2f3287d296e9fbd2cc80f2d1cf1","PRESIDENTE PRUDENTE","-22.107483646316126","-51.40235380027065"
"2122","55c96925041a14097b6a7825554f4ad5","SAO PAULO","-23.513172191788303","-46.58263962184772"
"14808","834f3294fba9f932f56edc879193f925","ARARAQUARA","-21.812698026371937","-48.15183966694556"
"17400","7c9130f5f3729edd32aa059141d92484","GARCA","-22.218988944556266","-49.64362334020589"
"16500","a254c682cc01e119f83530446f1df9a9","CAFELANDIA","-21.808016999999996","-49.620649499999985"
"2134","643214e62b870443ccbe55ab29a4dccf","SAO PAULO","-23.499318080212344","-46.578124372468125"
"4104","c394e193cda3b4225ff2094d32184849","SAO PAULO","-23.57603849928644","-46.638694817777726"
"19010","5996cddab893a4652a15592fb58ab8db","PRESIDENTE PRUDENTE","-22.119777787567276","-51.38167544559502"
"8290","d50d79cb34e38265a8649c383dcffd48","SAO PAULO","-23.56087165805877","-46.4506999200761"
"13416","c0f783394e37cd9c9d7f5f81141450fa","PIRACICABA","-22.715110444918835","-47.645625352213"
"8011","c9aafcd0621b2207c10e32c649cada4d","SAO PAULO","-23.496403578683147","-46.44510648389983"
"13060","412a4720f3e9431b4afa1476a1acddbe","CAMPINAS","-22.942457434358605","-47.11496902345776"
"14140","96f7c797de9ca20efbe14545bed63eec","CRAVINHOS","-21.336576735166876","-47.749631891718124"
"4208","fd386aa7bed2af3c7035c65506c9b4a3","SAO PAULO","-23.586099066333887","-46.60179070038664"
"4101","fc6295add6f51a0936407ead70c1001d","SAO PAULO","-23.592690175182163","-46.621060994430024"
"15070","4bf658053d453036c70976bccb2c31b2","SAO JOSE DO RIO PRETO","-20.817017187453597","-49.36425413438004"
"1417","7f02656561b680def9986c0795a8a080","SAO PAULO","-23.48850962531019","-46.714606281435714"
"2236","99a25c39b28a74d1151c35c18d178292","SAO PAULO","-23.474632525679453","-46.56894074606139"
"3431","f80edd2c5aaa505cc4b0a3b219abf4b8","SAO PAULO","-23.554133203993324","-46.53048959908248"
"15085","e4f121bf6ef8b9a1d4d3e65dd0473fab","SAO JOSE DO RIO PRETO","-20.83841198142741","-49.38082796951136"
"6852","e94b64dc6979b302a5a5be1662c83bb6","ITAPECERICA DA SERRA","-23.70819308096796","-46.854392838064086"
"13170","cac63f48c38cd7d002a7e846dcd99a23","SUMARE","-22.82462154470405","-47.264055877674345"
"1210","e2a1ac9bf33e5549a2a4f834e70df2f8","SAO PAULO","-23.540860990564934","-46.643855280598984"
"3279","7210cd29727d674c00741e5e387b3ccd","SAO PAULO","-23.58547197890817","-46.54426644087946"
"9551","1710c3aaa9c6b44ec3883ee0fe300e21","SAO CAETANO DO SUL","-23.6198894454671","-46.554964747302144"
"16500","232a6014e7b10cba61c6c2b2ea6bb4b0","CAFELANDIA","-21.808028176872554","-49.618730683810035"
"8577","a7f13822ceb966b076af67121f87b063","ITAQUAQUECETUBA","-23.48988814879191","-46.37265745864769"
"1303","1690cada046eb7e92c12f98b1f8a8167","SAO PAULO","-23.55001132944774","-46.64818240521669"
"19023","c4d51195486dc781531876a7d00453d8","PRESIDENTE PRUDENTE","-22.11545190136955","-51.39640853541775"
"13040","3a79f35a2344ede41af21267f61d5ec6","CAMPINAS","-22.936600456835407","-47.06294150138499"
"13312","20a8b0dc55da94fe74d112082427c84f","ITU","-23.25718023729017","-47.35604676504709"
"4186","b18871c324516afa228a13e8f1ef0ae9","SAO PAULO","-23.64950667032509","-46.59728800342218"
"13504","8ccf3cf69651cc1d8a02c8bfaf3b8568","RIO CLARO","-22.377960169349453","-47.55784776610173"
"14085","11bfa66332777660bd0640ee84d47006","RIBEIRAO PRETO","-21.17222709893554","-47.80487443442829"
"3171","5d9f3746e112e696f98ea22c56b3e912","SAO PAULO","-23.551840970021367","-46.58870301887013"
"4088","cf8ab1616079e2793aa29d524df01bb1","SAO PAULO","-23.603266079923895","-46.65882169276926"
"4773","318f287a62ab7ac10b703ac37435a231","SAO PAULO","-23.681542547319527","-46.70780575451552"
"15093","247587846358bb1d2e4c6522020b36fe","SAO JOSE DO RIO PRETO","-20.852451581621605","-49.419145397051636"
"2522","3a3e46d10f74d8a6ca76e2b538f106a0","SAO PAULO","-23.50302551457095","-46.656351"
"14085","17e34d8224d27a541263c4c64b11a56b","RIBERAO PRETO","-21.16294484984708","-47.800926728143565"
"12940","4c60877808f4318ef1107fbeb8f89afa","ATIBAIA","-23.112774381969185","-46.5488845105504"
"18015","3d4824f20035949c710eaf111f869d39","SOROCABA","-23.49636707533955","-47.43890030979464"
"4041","da03c298e3999e9d828591fc2179d109","SAO PAULO","-23.60143752899768","-46.644092916180966"
"4111","8b87cd0d43d49b9bdf40f56229364d59","SAO PAULO","-23.58762728449414","-46.6319937202377"
"3029","e1c76f339ebd5460999f25a2aa8c92c5","SAO PAULO","-23.528716250620374","-46.62026515958797"
"5639","6e864f5c4669eff3d98140a07cc50202","SAO PAULO","-23.609492025535214","-46.738012044405345"
"7123","7fc87cc3e89b3d1d5cabdca32f8485aa","GUARULHOS","-23.44557935276127","-46.53198386081135"
"13085","bc2ac6b95e1accce9858528ee566c17e","CAMPINAS","-22.77839835137629","-47.09058011878932"
"18608","eed78ac17f7f795a19a709745f00cd4e","BOTUCATU","-22.870723316365783","-48.45221780090914"
"3184","d8bf0fc082fd4a77fc2e5679b6c00133","SAO PAULO","-23.56336681626177","-46.586366685267436"
"9571","c5f7feb04a6a1fb3596322bfc3cf1917","SAO CAETANO DO SUL","-23.632217497085804","-46.567110981678134"
"6766","6576fd3e23c88f0e5d4d23f39bba0542","TABOAO DA SERRA","-23.6284334948641","-46.78087193005942"
"13073","fc38b5dceee1a730fad8853453437fbd","CAMPINAS","-22.880931665862516","-47.068424969313"
"8615","87b740daf17b5d1be335a64164ec6842","SUZANO","-23.54736980354735","-46.30311358926496"
"17510","82bd0703a4aefd6b599e5bfdaed378fb","MARILIA","-22.195583968636402","-49.954044305989996"
"7402","3092c0b297aacfb4bb6e056ebe13b9b8","ARUJA","-23.395911317242717","-46.31899827976228"
"9230","f52c2422904463fdd7741f99045fecb6","SANTO ANDRE/SAO PAULO","-23.615187251141478","-46.52230328196342"
"3654","d3dcf0604eabf0224fbd5948b5e02f69","SAO PAULO","-23.525103133365025","-46.51764616148771"
"4251","b44dbfbf62e52125f3c15d230569ea91","SAO PAULO","-23.626718469902592","-46.59748992134098"
"13456","e8dba4d70f7f2b20e775d09cae01142d","SANTA BARBARA D OESTE","-22.759672827833054","-47.364736674563375"
"1215","8de8fe3af4449ed695d2434c933ed73e","SAO PAULO","-23.53655002580364","-46.649225050085455"
"3172","dff87e4de60c9736ce8df835951b09bc","SAO PAULO","-23.548274607140105","-46.590159642813475"
"3449","c5e60e39c0f42b8e827daa13cff74afa","SAO PAULO","-23.556165349154593","-46.52558483971952"
"9230","4bcec44888b30ba9001234c534716d3f","SANTO ANDRE","-23.615718097697492","-46.53118432278263"
"12306","7f5e4d5efad7e44b91115dd1decb65f3","JACAREI","-23.289344884817357","-45.94318565667379"
"3060","eae9af4811c294c56795d70e715b7337","SAO PAULO","-23.538134084655756","-46.58549886150382"
"14882","4e7c18b98d84e05cbae3ff0ff03846c2","JABOTICABAL","-21.250592999999995","-48.31762049999999"
"14010","791cfcfe22fe4a771ece27f90017da92","RIBEIRAO PRETO","-21.179578055269594","-47.81126902131619"
"14020","c32fc744b9160ac853450488e3cfea93","RIBEIRAO PRETO","-21.202892927001013","-47.80617306272719"
"5302","5e063e85d44b0f5c3e6ec3131103a57e","SAO PAULO","-23.532125805701536","-46.725699251889765"
"13456","20f0aeea30bc3b8c4420be8ced4226c0","SANTA BARBARA D'OESTE","-22.755485219267154","-47.363095960696214"
"3147","9fe7c6641c79970ab48185498f547c09","SAO PAULO","-23.59633673965611","-46.56507737454559"
"15704","3df020b72d3d44b3af9d110fa3940b65","JALES","-20.27939929861524","-50.5535315563023"
"17506","443d880f15cbd3572885e1d44bf2c478","MARILIA","-22.205948517432308","-49.95494015032813"
"2337","4f40d2ed38d1cc945364a7cd202a82c7","SAO PAULO","-23.476470349154592","-46.61274240660166"
"13085","fe87f472055fbcf1d7e691c00b1560dc","CAMPINAS","-22.792785003606685","-47.08550995989381"
"3813","2709af9587499e95e803a6498a5a56e9","SAO PAULO","-23.486683575401436","-46.46746268716547"
"6711","ce616e1913288884e7742faac9d981db","COTIA","-23.6150603215516","-46.837480828765536"
"2113","5def4c3732941a971cba8fdee992ede1","SAO PAULO","-23.515287964978842","-46.58734465236856"
"9725","09f952a5f58d2285b0372551ae8f9b01","SAO BERNARDO DO CAMPO","-23.699353075768943","-46.5600310818858"
"17032","e5e33c0d8e7e002f398f5dc4cbbb338f","BAURU","-22.32817929115924","-49.02886625465973"
"3244","3d4b1ae7539303b5704493798893e82c","SAO PAULO","-23.60627778934156","-46.54062373645344"
"3586","d9c349beabc06aa6ff1c6d68b5e9e22e","SAO PAULO","-23.556657205788905","-46.48867468378657"
"6060","2528513dd95219a6013d4d05176e391a","OSASCO","-23.552456794881493","-46.780125590339914"
"18060","54219883e72aad869adfb2a54b7bfa0f","SOROCABA","-23.492031736886148","-47.47300904079867"
"5547","918717417d88a9f9ae9735567e6c7682","SAO PAULO","-23.595822464864366","-46.77691311261302"
"7084","e250d617a0ad591ba9bd663e584a895d","GUARULHOS","-23.453200132516344","-46.484469408993874"
"14407","ececbfcff9804a2d6b40f589df8eef2b","FRANCA","-20.50234199999999","-47.4215895"
"7140","ba90964cff9b9e0e6f32b23b82465f7b","GUARULHOS","-23.422075962808012","-46.493184069940554"
"13219","6eb94e1466490d327a09abf8f3552a50","JUNDIAI","-23.187084388466996","-46.8516474016882"
"7241","bd149ed516d4c5d418d5781f8e18919f","GUARULHOS","-23.448085292255755","-46.43089700805007"
"5524","0a82f5fb06a4fe4ac2cf7cb412ec71b8","SAO PAULO","-23.595176189566608","-46.74183651471519"
"14407","b416191c9813d821a295cfabafff4161","FRANCA","-20.487334285114922","-47.41559207749094"
"2407","f3da5b2ff499efb8d4a6d371d175d7dd","SAO PAULO","-23.48535959449485","-46.624283978908174"
"13257","855668e0971d4dfd7bef1b6a4133b41b","ITATIBA","-22.995677703232378","-46.857106243157794"
"15046","324583d68897f5ddbaf38f6248322176","SAO JOSE DO RIO PRETO","-20.76454995245902","-49.38936220896976"
"8280","c2bda99904207edd1834f03e0022b007","SAO PAULO","-23.561802010820042","-46.47968149264242"
"7140","269c5fc9fcadee614364c3620c30a1f9","GUARULHOS","-23.421413095475785","-46.49321015306711"
"5004","4ef4c39cf3c24f326434cf0b2e48046a","SAO PAULO","-23.532860441023693","-46.66790717845809"
"13880","b2bdc5e7940a7d7ca8c4a37953b27a42","VARGEM GRANDE DO SUL","-21.833571484016982","-46.89226721671471"
"9291","e7d5b006eb624f13074497221eb37807","SANTO ANDRE","-23.645729347481154","-46.518892643487824"
"5315","e3e15e2c0b9700561efac21c6be48066","SAO PAULO","-23.53294984347043","-46.7313937327312"
"1425","698624c6632eeba1774924dbea24c700","SAO PAULO","-23.572330354982963","-46.66082327699232"
"14079","01fd077212124329bac32490e8ef80d9","RIBEIRAO PRETO","-21.13584914072447","-47.75963971192154"
"14020","9e17b9d64683aebcbb9ee362d06463b4","RIBEIRAO PRETO","-21.2087768104334","-47.80689386955393"
"2281","44f091b5abab8018f682fce8124b85e5","SAO PAULO","-23.449178934155494","-46.574350949321804"
"18015","042573af89b6d931f672efaf789d8358","SOROCABA","-23.5042481312828","-47.43381525590049"
"9230","40d54b51e962dbe09cabbcfd33298dee","SANTO ANDRE","-23.62288211878932","-46.52624994393789"
"13154","3c88ed2e76a2247933a15daa7161eb1c","COSMOPOLIS","-22.632411085950487","-47.176022324178064"
"14150","fbc14c0cf93505ef89f64665ffa4a7b5","SERRANA","-21.21594896945095","-47.59002511568736"
"18015","76d336555bb25f3165d2f0d6da719c40","SOROCABA","-23.501355555234024","-47.42963911490015"
"9230","b6d44737c043328708f6749c2dbe50bd","SANTO ANDRE","-23.6255763985516","-46.52950241756594"
"3167","4c18691b6037662be2df78a765d98ab5","SAO PAULO","-23.55487039661836","-46.5943762934965"
"15014","701938c450705b8ae65fc923b70f35c7","S JOSE DO RIO PRETO","-20.81734497064537","-49.38133679126948"
"14580","c3867b4666c7d76867627c2f7fb22e21","GUARA","-20.433990426300614","-47.81416224047547"
"8280","788e857f317e53de488d393e65a80f45","SAO PAULO","-23.564780193173288","-46.476732944630385"
"18015","81783131d2a97c8d44d406a4be81b5d9","SOROCABA","-23.50161440022503","-47.43984869302905"
"18500","406822777a0b9eb5c50e442dd4cd3ec5","TATUI","-23.035824733186516","-47.836302659482904"
"3006","ce27a3cc3c8cc1ea79d11e561e9bebb6","SAO PAULO","-23.543135968636395","-46.62371555453289"
"8150","062c325cd6a2b87845fab56b4ec2eeae","SAO PAULO","-23.525377438801993","-46.40950968151651"
"4365","fe26f3ecb51a15e6d8335cd92da42562","SAO PAULO","-23.666436408909707","-46.65554725086943"
"5303","ea566164622c6b439516ab18062c42cd","SAO  PAULO","-23.526508568411355","-46.731702782676464"
"11707","b56828a9f9027f3c918c04ca720d9e3c","PRAIA GRANDE","-24.04895262488876","-46.534111482394785"
"14020","35857757f553273b1056c1cabdace7fb","RIBEIRAO PRETO","-21.20909626311385","-47.80541878642737"
"12955","87f3e35268860433e13d577825aada95","BOM JESUS DOS PERDOES","-23.115437999999997","-46.48591350000001"
"17350","25debeafbce801fdd479539350185eee","IGARACU DO TIETE","-22.51225020394538","-48.55643861501519"
"6714","4450bd8327d471c4a11a83d1445b1b62","COTIA","-23.600313736455817","-46.87138992616375"
"13015","bc302730ea8cf49b5c74f579febb5bbf","CAMPINAS","-22.90124134639356","-47.055128451024146"
"14020","ebef8d8c92b4fd3226e5d407bbff21ac","RIBEIRAO PRETO","-21.210104711049134","-47.80139005429387"
"1207","d6cd01c59123df02fc226eadbadb5f89","SAO PAULO","-23.536840620318525","-46.640393035807016"
"3029","91f848e9f4be368f4318775aac733370","SAO PAULO","-23.53315768166075","-46.61710278518661"
"3673","9539213aa8e023c01937bef95dc006da","SAO PAULO","-23.51517733749783","-46.50126713849616"
"4403","7ddcbb64b5bc1ef36ca8c151f6ec77df","SAO PAULO","-23.667843855675457","-46.66038973120199"
"14079","28d162ab86bb49d719c32f0ee6186eaa","RIBEIRAO PRETO","-21.15613133316094","-47.74568764755373"
"2475","431050a06a317f2b38168dec3dcd2b46","SAO PAULO","-23.481059081597326","-46.64630746073055"
"5595","63bc58679c44e8a998792119fd7ad23e","SAO PAULO","-23.58085566165113","-46.742443261595774"
"14095","094ced053e257ae8cae57205592d6712","RIBEIRAO PRETO","-21.188764942887175","-47.769870647308956"
"18500","af7cdac9d9897cddead9c6b08976c642","LARANJAL PAULISTA","-23.050076294852147","-47.83545811576363"
"3340","63272377184e969942f7fff221be858d","SAO PAULO","-23.570462478034955","-46.55138331719334"
"7241","1961c3e1272bfeceb05d0b78b5bbfdaf","GUARULHOS","-23.44803925506378","-46.421980491257415"
"14020","b5dd7151a92ccaaa282cbe9681a05f44","RIBEIRAO PRETO","-21.184743813491814","-47.801860999855776"
"15046","80f2cf9abf6b5a0e5c612b5eea6646e6","SAO JOSE DO RIO PRETO","-20.776933935077974","-49.387132341578074"
"3282","dda37071807e404c5bb2a1590c66326f","SAO PAULO","-23.590853517081115","-46.54139756148647"
"5624","7963e546f34e098b578f9ad102494601","SAO PAULO","-23.59456298473655","-46.72783455314792"
"7400","ac6417315ae5da8f9a38ee11de6f7780","ARUJA","-23.39888374540156","-46.32526700508771"
"3059","87d3c3aeb3ead335511b3ce315eb341e","SAO PAULO","-23.542799406053412","-46.595165217323526"
"1311","1f2eebc0e970fd3c463e4f5d9652687a","SAO PAULO","-23.569059783273147","-46.64740767660342"
"7221","94b9108d4b637ba65bb4f1e53cfcf8d8","GUARULHOS","-23.469882726614365","-46.466792130446066"
"18044","ba6ce6de456f6c11d08c17701ba5c26f","SOROCABA","-23.50986470167544","-47.484121269794414"
"4756","820c7c9eaf76d2b226b6c242bcf3f34d","SAO PAULO","-23.646664822926876","-46.7203832596514"
"13015","1e47d8b6546eb3a77b1acddcc9406242","CAMPINAS","-22.908740385873315","-47.056031917001015"
"8225","7b3447b497e55af8c15fc7bd89d7b81a","SAO PAULO","-23.524074769667923","-46.45826882323692"
"7124","76623fde66e6b63b59440fd34160512d","GUARULHOS","-23.42468549125742","-46.53172199125743"
"4438","9674754b5a0cb32b638cec001178f799","SAO PAULO","-23.677741089647412","-46.66864662392521"
"6465","0873d9f8f36123f8d910f4760e788cfb","BARUERI","-23.5086438802936","-46.851065006356905"
"18500","7aa4334be125fcdd2ba64b3180029f14","LARANJAL PAULISTA","-23.051662431032522","-47.83935039056969"
"2470","41b86b552e54e3a7009596125aa8b167","SAO PAULO","-23.484154453228722","-46.64868009824575"
"14010","5eeb9c756d9780b96283e5a2ac6da334","RIBEIRAO PRETO","-21.183561335276124","-47.808401002914195"
"6764","8185694b58b2ba6de20fd41ae608bbea","TABAO DA SERRA","-23.612294462020333","-46.76578686529368"
"2614","119c7f1a00ef43fad0e57604e76a747c","SAO PAULO","-23.4717225298344","-46.65764092339433"
"1512","bbad7e518d7af88a0897397ffdca1979","SAO PAULO","-23.553644898695822","-46.63261889578163"
"2532","1acde099eb406aa220b1169b188b42da","SAO PAULO","-23.49592311073923","-46.66043045184373"
"5588","dbd66278cbfe1aa1000f90a217ca4695","SAO PAULO","-23.575745041924048","-46.74085825118136"
"8220","dd8a29ce82d5c705ba932d81494600a5","SAO PAULO","-23.536398271613994","-46.45955683703159"
"13880","333c4210e76a1aa2ab817b99437e3ff1","VARGEM GRANDE DO SUL","-21.84887332222197","-46.89551067548738"
"4311","5587130f9850696ed7fafbc91c2cee44","SAO PAULO","-23.636429014715176","-46.640920992642414"
"13690","afa6714acee029b2dfdf357e5579cc03","DESCALVADO","-21.915727706969644","-47.62033250569028"
"9411","179d859f51292aac5c10806a356f7af9","RIBEIRAO PIRES","-23.71719840652404","-46.395777768729744"
"7160","e63e8bfa530fb16910dd6956e592bb81","GUARULHOS","-23.411582298084145","-46.44838156702636"
"15076","3ade81dab5a172b88e1871c28ae05260","SAO JOSE DO RIO PRETO","-20.82465971918183","-49.35302918240734"
"17606","761681a821d8275bc79f552116d06869","SAO PAULO","-21.919793676614052","-50.52628819150581"
"3976","8fb791022c1fc8909664f48ab7dc636d","SAO PAULO","-23.611871943937892","-46.49648901373423"
"5676","0249d282d911d23cb8b869ab49c99f53","SAO PAULO","-23.59906476602805","-46.697072825148574"
"8226","3a4127e1ba7208ea37044c5092aae170","SAO PAULO","-23.523529635894473","-46.459776612815325"
"15013","b372ee768ed69e46ca8cdbd267aa7a38","SAO JOSE DO RIO PRETO","-20.8186365094994","-49.36992583875571"
"9931","47648caee88ccfe951fbb27fbf7b4cbe","DIADEMA","-23.661923109309388","-46.626498057122376"
"3572","2b3b9ce054da76a7428df143a567b156","SAO PAULO","-23.574334452680457","-46.50181676172888"
"14070","218d46b86c1881d022bce9c68a7d4b15","RIBEIRAO PRETO","-21.116471333054424","-47.79073400291418"
"14470","26bad72add1f86e08a776ce4ffdaf1ca","PEDREGULHO","-20.250243275972316","-47.47871792916746"
"8773","ac9b01377919cdbd2a1bbb8d5837c70b","MOGI DAS CRUZES","-23.517127104923187","-46.19066721624193"
"9570","365e4bce19bda0082c3d15d83fdb8bcd","SAO CAETANO DO SUL","-23.637496609498484","-46.57411344809283"
"18401","dc7192adf8ba09569261f4a8d576afe0","ITAPEVA","-23.975863693330997","-48.87459952903885"
"2051","5444b12c82f21c923f2639ebc722c1ea","SAO PAUO","-23.512267739107838","-46.608748030526876"
"14020","a36b125ac6d5fdbc7f50de85c9157bdc","RIBEIRAO PRETO","-21.205395566189665","-47.799614666253085"
"15013","7ab0dd5487bab2dc835337b244f689fb","SAO JOSE DO RIO PRETO","-20.820423405739128","-49.37130081674534"
"1206","f3c38ab652836d21de61fb8314b69182","SAO PAULO","-23.535535799324883","-46.64305202830518"
"11250","582d4f8675b945722eda7c0cb61ba4c7","BERTIOGA","-23.828340100753532","-46.1430173832652"
"16300","5305693ffae2d3463377b1f6fe67b15a","PENAPOLIS","-21.430859258103766","-50.08987578961023"
"18080","0aea4c6ae1505b3228ddf3dd7822ee5b","SOROCABA","-23.48355410407413","-47.45381582237861"
"3029","f9244d45189d3a3605499abddeade7d5","SAO PAULO","-23.529657876767278","-46.61880215557727"
"3667","b37c4c02bda3161a7546a4e6d222d5b2","SAO PAULO","-23.53204714071786","-46.49681439647412"
"6795","4b98b0428fc1932cc2514ef9ce2505e6","TABOAO DA SERRA","-23.615066461567263","-46.79855272938433"
"13275","19484c79cef6c062cb177aa4ef2fcc3c","VALINHOS","-22.9865591766809","-46.98871848455929"
"2040","c8660dcf9ba70575f45d80fe28c27713","SAO PAULO","-23.489022991949913","-46.62186690299499"
"9725","25be943a321c8938947bdaabca979a90","SAO BERNARDO DO CAMPO","-23.701611332739066","-46.555775808487574"
"11707","59cd88080b93f3c18508673122d26169","PRAIA GRANDE","-24.05720311241268","-46.54993985581969"
"1125","7cf4ea70955b00d6b3c22542598e2715","SAO PAULO","-23.529050497085805","-46.63889432139766"
"6900","eb5b6204dde3a6e03b5f1bb8479f055b","EMBU GUACU","-23.828521677387236","-46.814795982633896"
"17510","78c99c6dff4eeae5be99bf635ed21e3f","MARILIA","-22.1952239686364","-49.954183805989985"
"12062","5659d77e8d90378e39b960ad5956f64e","TAUBATE","-23.001805934582357","-45.549787295725075"
"1215","a7b7354cc588f7566a848bcbb1ce3d96","SAO PAULO","-23.537982300854097","-46.64927618235323"
"4905","3935fe5fe0f82787a9dcb8deb62be09d","SAO PAULO","-23.675905499567303","-46.75188111226845"
"18608","082e0bf4cb865a6533b1e8e498cc0255","BOTUCATU","-22.869819264817476","-48.45696374622915"
"6766","1782ce2db72c3dda627d5e7c898104e1","TABOAO DA SERRA","-23.62527254443769","-46.77949146270542"
"1550","5f3ae9136c875522250f8184f253413a","SAO PAULO","-23.57203616319466","-46.615212267413035"
"3029","e644cbadf7eeb30d0d29f335ce7d52ec","SAO PAULO","-23.53180699056494","-46.61700264308377"
"3210","3ab971ce71839580d2ae5b4e40fe8044","SAO PAULO","-23.601764863046306","-46.54785125728302"
"3060","65c255b299faf2d12050937cc219c46c","SAO PAULO","-23.540015011656763","-46.585895322782626"
"4438","633ecdf879b94b5337cca303328e4a25","SAO PAULO","-23.676302686046217","-46.66880079992426"
"2013","c542f5a8c64d973f30e9df8d06f70b4a","SAO PAULO","-23.5030857485429","-46.633822941716204"
"2320","e0482f2c769468c3bbcd8a01e09d98c5","SAO PAULO","-23.44947679294825","-46.597919076461444"
"4041","a35124e2d763d7ca3fbe3b97d143200f","SAO PAULO","-23.601395514570953","-46.64593324854289"
"9981","497709c2976a8fa308730a2dec5b0726","DIADEMA","-23.70006588275225","-46.60516704669894"
"18500","8fec2e460530482132c436cfb5439925","LARANJAL PAULISTA","-23.052592314229045","-47.836147195553174"
"15050","51ed72984a04e5dd35c2b27e77179038","SAO JOSE DO RIO PRETO","-20.782078847545826","-49.37199920061633"
"1550","88ae906ea2acf6971f26c3e8b7cb4357","SAO PAULO","-23.573893536499494","-46.61621090590919"
"13825","3faf68a3b0af94b10bac70d86077be49","HOLAMBRA","-22.614295651682134","-47.06761188787577"
"15076","5e105f5c9f63f5f1fd75d6cb942e55b1","SAO JOSE DO RIO PRETO","-20.830232611066194","-49.35777544399851"
"2422","9bc484c87d79cd4874e05ca182658045","SAO PAULO","-23.47001485567546","-46.63484579309249"
"13251","1e8c6a4c538f286aee9573239740a4b4","ITATIBA","-22.988874545477703","-46.84197558882967"
"3111","4bfc7a4a1cf8d4d2121c27422d9e50b5","SAO PAULO","-23.558072306116813","-46.60586586856825"
"3390","b1b3948701c5c72445495bd161b83a4c","SAO PAULO","-23.592445491257422","-46.52635145282469"
"1244","7994081388d55b9cf976c050653dd359","SAO PAULO","-23.54499336358131","-46.65968022344037"
"5879","2d2322d842118867781fc737e96d59a1","SAO PAULO","-23.68640097530149","-46.793884107132556"
"3504","92eb0f42c21942b6552362b9b114707d","SAO PAULO","-23.53877907744238","-46.536485668330556"
"7084","33a6f4b1e7cdc205511e76ba1b6e0186","GUARULHOS","-23.427124962808012","-46.545128397310854"
"12903","16bdc8cefd0e32a6f0824d296c5ad14a","SP","-22.94787403161499","-46.55188741483248"
"13880","5ee7fd217d08dfe5d3e2f51f96a12c9a","VARGEM GRANDE DO SUL","-21.83948265963376","-46.88952885213608"
"14020","5f5a58930c3c35f3b5af264f34fb8c85","RIBEIRAO PRETO","-21.204992158202995","-47.80241777338562"
"4851","bc8c8d665ec4664d286be0d521722b19","SAO PAULO","-23.75344503818654","-46.66921268496448"
"9110","741f8c587cb4248ebc5b779a0e8e0e51","SANTO ANDRE","-23.668312295314184","-46.50547970468581"
"14804","79565f7d5603b24ddf07ade262547f2f","ARARAQUARA","-21.768197710514197","-48.20274085928214"
"17350","8b11118053756a9a2932f447e11fc1b5","IGARACU DO TIETE","-22.525902174473295","-48.56281510787374"
"1311","74bafed391319577bce6f4d2acc0589a","SAO PAULO","-23.560566359426364","-46.65761042867444"
"4726","bba3293d6f5d5af2f415e004e8b93ae3","SAO PAULO","-23.63580786663679","-46.71209825910773"
"6465","05ca864204d09595ae591b93ea9cf93d","BARUERI","-23.507407290616538","-46.84703285302898"
"13575","1c56ffe0e9dea2657fc6e95b53f40b13","SAO CARLOS","-22.025036975301497","-47.90953639661835"
"15806","9a1aea68d3efa00862ec88c0768037d0","CATANDUVA","-21.129687082360803","-48.959593387071685"
"6506","1ca7077d890b907f89be8c954a02686a","SANTANA DE PARNAIBA","-23.419753962259747","-46.95925190896761"
"9570","d8dd176509baa37f359644d082bf7f7b","SAO CAETANO DO SUL","-23.62696617230051","-46.56149274988265"
"13575","e5899683388855d3dabe8913bbe365de","SAO CARLOS","-22.03342996672426","-47.91371971353119"
"4102","9f505651f4a6abe901a56cdc21508025","SAO PAULO","-23.592723631975286","-46.6315844403312"
"14020","165b1235e9e9942cb5fae67103576fb0","RIBEIRAO PRETO","-21.20572004801202","-47.80878598666978"
"14600","6d803cb79cc31c41c4c789a75933b3c7","SAO JOAQUIM DA BARRA","-20.581177442701474","-47.858931261277824"
"4386","a7dc4098e4da6e41b426269d12ae7e91","SAO PAULO","-23.661877777684808","-46.65707556272721"
"13339","53b0300ca793f9834cd69c0678d35ee8","INDAIATUBA","-23.09232014212125","-47.19741214338984"
"18015","45d33f715e24d15a6ccf5c17b3a23e3c","SOROCABA","-23.50400792495219","-47.42941601936718"
"2941","74636e24f01da9268b0ed88dacd8513e","SAO PAULO","-23.47943470191586","-46.723279934502834"
"9726","cbf09e831b0c11f6f23ffb51004db972","SBC/SP","-23.69554254235653","-46.56158498222641"
"3659","f2336e113377dd21c744d9c4fc8293a9","SAO PAULO","-23.52287030474924","-46.51178079378496"
"4733","2b3e4a2a3ea8e01938cabda2a3e5cc79","SAO PAULO","-23.63665699295384","-46.69477973651988"
"6365","f680f85bee2d253556ac91be391d2c82","CARAPICUIBA","-23.548007803126946","-46.848575058505595"
"1207","c13ef0cfbe42f190780f621ce81f2234","SAO PAULO SP","-23.54115152870862","-46.637115345763604"
"9340","03a2a6dcbe45d639c4dc2a0d24769c40","MAUA","-23.66800916734961","-46.430377660540266"
"6694","3d290fe363c60a77498c1126fd3fb8d3","ITAPEVI","-23.536045654850113","-46.94279597843593"
"9861","da4d149c0ddbac90557103ac0a0ec356","SBC","-23.695889045942334","-46.58174395098847"
"3059","4091f77d8c768fc3e81c20761471761d","SAO PAULO","-23.539183638351926","-46.5914358753823"
"8780","70ee69419916dc13e3aed619061f996c","MOGI DAS CRUZES","-23.5214492199589","-46.17673150042012"
"18074","4965a7002cca77301c82d3f91b82e1a9","SOROCABA","-23.448281036643923","-47.48873627920402"
"2537","bf84056e679dbe9c69929847a40e338f","SAO PAULO","-23.49266694338963","-46.649278230509495"
"13403","48162d548f5b1b11b9d29d1e01f75a61","PIRACICABA","-22.727374795169954","-47.67061025477531"
"13456","54a1852d1b8f10312c55e906355666ee","SANTA BARBARA D'OESTE","-22.76122925325127","-47.36453316647031"
"8655","ce33c6211beaa8fef4cae8b52db39862","SUZANO","-23.603799285142266","-46.30881321689727"
"17510","4c1c7281388a33dd06daac44f9fadbd1","MARILIA","-22.193082052455427","-49.948926747706174"
"13180","f9f68daa2af419d38f745478bcb3da1a","SUMARE","-22.81344361844933","-47.17188935591158"
"18015","94c49f20a123aeb9360dbf80ff912bf6","SOROCABA","-23.50527117762139","-47.42213578183975"
"3567","13fa2a6c6b9d0f43cb588d7c82117a12","SAO PAULO","-23.543248169859762","-46.48879160352587"
"13403","3338e7a0710a195872be80e0d2423867","PIRACICABA","-22.73883027396256","-47.65642319859764"
"5786","83353a83fd769dfafa4f21a72b15e3e5","SAO PAULO","-23.636521320012687","-46.77320758159732"
"6097","080199a181c46c657dc5aa235411be3b","OSASCO","-23.528128203061982","-46.776807547328076"
"15061","10089e9f2fd0c668a8fd4e52e1698888","SAO JOSE DO RIO PRETO","-20.799133520057854","-49.35654569558457"
"11709","12c2ed9cded6138cf0c75f525f565fc7","PRAIA GRANDE","-24.079823905909187","-46.59302363696694"
"13424","4736e9d642ef4257cd7622516931eb51","PIRACICABA","-22.750100527352892","-47.6459038030758"
"17018","78a4d36f65a019172c6154468831a69f","BAURU","-22.359737431848437","-49.05231525174554"
"17560","c4b911d06343b21dd906651f8101cb49","VERA CRUZ","-22.21809435900965","-49.819059875867154"
"2242","d4e12e7884759a14fa0f5f896c791cae","SAO PAULO","-23.488133029141906","-46.60765995712386"
"3963","508808d438fe2ff972ed13bb8f4a82e2","SAO PAULO","-23.60932765805877","-46.48329014195862"
"7791","bc39d8938f90a3a2b98193723ed59774","CAJAMAR","-23.410894778076816","-46.86669107437556"
"14870","c68fb906c8f4b4b946d8386bfa6e5467","JABOTICABAL","-21.253339982915808","-48.32841354256132"
"5763","ba89796db68db180bd389de96b2ff3b6","SAO PAULO","-23.642000682560305","-46.760385963274885"
"11030","1c5e4e49b9079480255b49d50aac1aa9","SANTOS","-23.981964066882146","-46.310039559264744"
"15190","87d73636a3acf123e842bb890a4db036","NHANDEARA","-20.691381198603764","-50.04237071280033"
"3121","89757206b887aed36f3e18d858460fea","SAO PAULO","-23.56175985825543","-46.60140647059026"
"3908","17f51e7198701186712e53a39c564617","SAO PAULO","-23.58359782304825","-46.50714769338705"
"8673","4e17c65a516f69d023a2ae78b84f28d6","SUZANO","-23.54646763188849","-46.317438806098934"
"13076","5a8e7d5003a1f221f9e1d6e411de7c23","CAMPINAS","-22.88255076242137","-47.04691965736627"
"13800","483ca627d131e18f988349b1655c0acd","MOGI MIRIM","-22.438121280598992","-46.973524736049406"
"3694","5670f4db5b62c43d542e1b2d56b0cf7c","SAO PAULO","-23.537922030359404","-46.47769578680452"
"13210","a1040efe9ff4a6f93c28b0499eada8f5","JUNDIAI","-23.219552263113854","-46.883313189278134"
"18701","cad10cc982ab6a391570c211b995c17c","AVARE","-23.105366606727763","-48.91147056680601"
"3573","4830e40640734fc1c52cd21127c341d4","SAO PAULO","-23.56168119891244","-46.506271105553324"
"12331","b7ed9fb14c8eadb37adb9c45d67ab0fb","JACAREI","-23.265979879755115","-46.06705735267744"
"14403","7e1fb0a3ebfb01ffb3a7dae98bf3238d","FRANCA","-20.55111607627002","-47.39520758736405"
"17500","6a51fc556dab5f766ced6fbc860bc613","MARILIA","-22.217405964096468","-49.95110711067839"
"4557","a3fa18b3f688ec0fca3eb8bfcbd2d5b3","SÃO PAULO","-23.60475533250616","-46.68184855482134"
"18040","916748bc99315c2d202898ae58b1617e","SOROCABA","-23.512977398551598","-47.46818008520402"
"6436","f6122bc84774df1b372bdb3bb88ddb9f","BARUERI","-23.539942931920695","-46.88676604933411"
"17026","e9511df20ccd82658a30c37b7fb343af","BAURU","-22.296469236850484","-49.03471065377948"
"6268","6187a137b2af59dfdbad8d9f8c373c14","OSASCO","-23.502832083530578","-46.78519421885273"
"8032","3e51f9cbe317bc3a88f2c76583811ee4","SAO PAULO","-23.521227914577057","-46.4189486025351"
"2252","cab85505710c7cb9b720bceb52b01cee","SAO PAULO","-23.479316999999995","-46.5904340471753"
"3655","fc5a0d7a310a7a41abf86a458585ff2b","SAO PAULO","-23.52399579739165","-46.512943187344916"
"12226","5741dc2bf5044c34d0698681c5081bed","SAO JOSE DOS CAMPOS","-23.21370730659085","-45.80156830474517"
"11701","e9779976487b77c6d4ac45f75ec7afe9","PRAIA GRANDE","-24.011288218359883","-46.41873374429398"
"1314","70f7e8018e3d46c748c92f026aa2585a","SAO PAULO","-23.550271219805026","-46.641530430203645"
"4534","bac44fa8e13424950488659b5f765c41","SAO PAULO","-23.58454739993657","-46.67456147821567"
"13215","d32e3909cfb714fb2a6cb092c85b9c5f","JUNDIAI","-23.17589664637174","-46.886594495206815"
"5311","6e13dd869aa7185f601c941423abcc8f","SAO PAULO","-23.531055024698496","-46.74460102749712"
"11900","2199e7fe213c16213bf5d6a7eadc9a5d","REGISTRO","-24.522617510299327","-47.84780154192998"
"5186","ce20a2ec1514c25e16f2b5b39bc818f0","SAO PAULO","-23.43235638273989","-46.75211054954124"
"9350","e26901d5ab434ce92fd9b5c256820a4e","MAUA","-23.685711937077315","-46.44479631574056"
"13844","d1b65fc7debc3361ea86b5f14c68d2e2","MOGI GUACU","-22.382941116125448","-46.94664125419024"
"17900","37515688008a7a40ac93e3b2e4ab203f","DRACENA","-21.4988715","-51.537860999999985"
"4130","8090490573c6c0aa343a7231ebcb8c86","SAO PAULO - SP","-23.605202011656758","-46.61844120275258"
"7174","c60b801f2d52c7f7f91de00870882a75","GUARULHOS","-23.425946339725343","-46.42940633972533"
"18052","077c5fae4bea9500e3737b16f71b9d3a","SOROCABA","-23.539013392723216","-47.491042295862435"
"2880","9ac75591b69c3402684b6ce0310f22ee","SAO PAULO","-23.46668368220901","-46.670126814876795"
"4476","e601b04acf48b4576e73ddca9481f0dc","SAO PAULO","-23.713052505361883","-46.61991569705063"
"6775","88af55b4a7ca402b27df16f7c7c9b5d2","TABOAO DA SERRA","-23.638223126839392","-46.801967395781645"
"17052","55bb6fe5bebe5012e2d7d9928e1128ff","BAURU","-22.333806","-49.0911435"
"1420","1c83418358f249c9d6affa52d579db0e","SAO PAULO","-23.56851813765943","-46.65191532569683"
"13030","782f78b632a43875dd5b53e3e49c9564","CAMPINAS","-22.92991227115403","-47.07189552530681"
"9121","02ecc2a19303f05e59ce133fd923fff7","SANTO ANDRE","-23.687193239224257","-46.498261391639694"
"13911","1e26c56af8d48424e1df0140a2401f83","JAGUARIUNA","-22.700759264340558","-46.98220781704875"
"1222","8bd0f31cf0a614c658f6763bd02dea69","SAO PAULO","-23.547159576461446","-46.64989460560333"
"9350","75fdd0a732287f9497b179f6bd445d32","MAUA","-23.68011442853022","-46.4524537436668"
"6663","08ad4ac1388e4420ca531c3edfc46198","ITAPEVI","-23.56337220714669","-46.93710104735605"
"17230","4dc2e811a1760953cb7c6a590b498943","ITAPUI","-22.23625902550063","-48.72307610479663"
"13800","7f7b8245c336066a1f9933c359f11d77","MOGI MIRIM","-22.43757145268047","-46.96768249417161"
"15505","e88f7a2995ba184710d339c5c4bf2e30","VOTUPORANGA","-20.423773521297633","-49.97216652821015"
"11070","0af977692321d895349eded183341d28","SANTOS","-23.961812938897538","-46.34427982528125"
"9690","31be790e64fc99f8ff48ec2bd18a3104","SAO BERNARDO DO CAMPO","-23.67170527422236","-46.58997464458433"
"13088","718539d38d07dd351c76db862760e2e2","CAMPINAS","-22.8475181626464","-47.03552279669915"
"14610","880eda903e719a5f179f7e9fceb3a69d","IPUA","-20.43102420974765","-48.01701483913844"
"15400","d9cb0052a666de5308b32f32ad5f1b1c","OLIMPIA","-20.73348478239254","-48.88823835248024"
"1026","7040e82f899a04d1b434b795a43b4617","SAO PAULO","-23.539616057447088","-46.631187497778285"
"13478","31ae0774c17fabd06ff707cc5bde005f","AMERICANA","-22.737278419931872","-47.31266995989381"
"14709","6a8b085f816a1f75f92dbac6eb545f8f","BEBEDOURO","-20.928623885001464","-48.492996397226044"
"19042","8a432f4e5b471f8da497d7dc517666e2","PRESIDENTE PRUDENTE","-22.133927157857258","-51.368753221730294"
"14403","0f0c984a4a955310903b6b6008660bad","FRANCA","-20.54822779974972","-47.395897060007975"
"9060","aeb36d67f1414f234d42a29e27cf1f17","SANTO ANDRE","-23.656293518994904","-46.554122137336044"
"13177","a4b8d97cd5d3674eeff96abc99d8ed67","SUMARE","-22.813951149316207","-47.22434086940969"
"1026","5d378b73ab7dd6f0418d743e5dcb0bd1","SAO PAULO","-23.539167607276784","-46.63524162031853"
"1452","3ef37b7ca6dd2b80bd8af81a62504996","SAO PAULO","-23.56883153079836","-46.69199439364803"
"14620","a3b42d266fa8afc874b909422ce88582","ORLANDIA","-20.71749602546334","-47.8769102907048"
"4781","c3e2398fcc7e581cda2e546557bf6968","SAO PAULO","-23.69081489425242","-46.70642512406944"
"8832","244c2f1bff6afe1f2eaf9bfe9b2aed38","MOGI DAS CRUZES","-23.516913648399584","-46.10417245526518"
"4615","cf654707ed6a99f112c7ec3d6f314b8b","SAO PAULO","-23.627053414651762","-46.66261484831785"
"11045","e067ad2c1c0b48758eb1b5228bcf7a68","SANTOS","-23.96112504302036","-46.32316061267247"
"3612","08084d990eb3f53af056ccbc1730c8a7","SAO PAULO","-23.520506699694153","-46.53515188245142"
"13097","751e274377499a8503fd6243ad9c56f6","CAMPINAS","-22.8469524096601","-47.02743444240869"
"4615","37ceb404da208418c9032f0674e57804","SAO PAULO","-23.620032660280465","-46.67092443075191"
"9895","56a8b450e802502ba53a9885ee38e29f","SAO BERNARDO DO CAMPO","-23.70734747994644","-46.56687389064575"
"12230","2eeb6531ee027a48d401e72bebdd87d3","SAO JOSE DOS CAMPOS","-23.233025503750913","-45.88205525728549"
"7093","ea6b12bf9ffe2bac34602ec631d97a47","GUARULHOS","-23.46034695920133","-46.54093519386578"
"13206","813348c996469b40f2e028d5429d3495","JUNDIAI","-23.211714582578274","-46.8753760355472"
"9895","4ce6e5f6c52515177e18c1c9361d8677","SAO BERNARDO DO CAMPO","-23.707425905407483","-46.570956450782475"
"19906","0fe2d9733ed841eb064503920015a8c0","OURINHOS","-22.989455730881055","-49.87509247068391"
"19820","f5f1f2c5f923f36ad79ea1d07185ddc9","TARUMA","-22.751694253550635","-50.573949781499195"
"3655","59fb871bf6f4522a87ba567b42dafecf","SAO PAULO","-23.525840545934557","-46.514621734116176"
"4137","788f22bafdd7ab0e1e79f19db72f16a4","SAO PAULO","-23.612081731057756","-46.623180258670466"
"5373","e96498ed8daaa3e9c23f7a62da76591c","SAO PAULO","-23.5839881312828","-46.7600579372728"
"18040","3e46a38ee171c503c3b4a3f23fe3bf0c","SOROCABA","-23.512084459893828","-47.46844719830917"
"12230","6973a06f484aacf400ece213dbf3d946","SAO JOSE DOS CAMPOS","-23.2207344276935","-45.886390156529544"
"5743","4eb61f060e7dcc1d5a80d806c35cc541","SAO PAULO","-23.612709195394977","-46.75626773244273"
"13328","900ba814c251a692506d7834c1218441","SALTO","-23.184582414451018","-47.328649797768485"
"4660","eaf6d55068dea77334e8477d3878d89e","SAO PAULO","-23.67605454870451","-46.679325825292814"
"3827","b98b715fe9e276204e2a3464f48cd796","SAO PAULO","-23.48494880428892","-46.46811804567771"
"9131","14d7985702e72162bbf13b6beb74ab2b","SANTO ANDRE","-23.699312540583637","-46.501432357095794"
"5594","8fff28c4263ddec387f28d237fb42773","SAO PAULO","-23.582604528253924","-46.73785580900351"
"3702","5c243662ce92d84573bfaff24c3e3700","SAO PAULO","-23.51633441909516","-46.54665246725141"
"1026","c1dde11f12d05c478f5de2d7319ad3b2","SAO PAULO","-23.539494799586286","-46.632843914149746"
"3138","0743a0239d764b9a0f959a57d07e36ab","SAO PAULO","-23.587596922557612","-46.58181527338564"
"4564","4bc3d93e4a5f88a598d3d8ce4ae510b3","SAO PAULO","-23.61581786398534","-46.68133624811021"
"13478","d263fa444c1504a75cbca5cc465f592a","AMERICANA","-22.7507169978434","-47.30547858741472"
"9628","f7ba60f8c3f99e7ee4042fdef03b70c4","SAO BERNARDO DO CAMPO","-23.66148702746846","-46.56416174311855"
"18590","a00824eb9093d40e589b940ec45c4eb0","BOFETE","-23.108459384738463","-48.256121730784905"
"1026","14a08204d03bb6b6bde8029f801ae0eb","SAO PAULO","-23.53984025062037","-46.6302639919499"
"2220","570d4583587a5fe2d47c7be89b91ad27","SAO PAULO","-23.490745910352587","-46.57794383819032"
"3638","a414555ce331b8c8aea4a9cb8395194d","SAO PAULO","-23.528709869553918","-46.541723908967604"
"6803","4d8809767a5bafe22909c77951fb6b41","EMBU DAS ARTES","-23.646982868950655","-46.8457050644261"
"3632","271c58a1d139c45eaf3316107c6d3a3b","SAO PAULO","-23.527615043857086","-46.549290572306504"
"4276","7a188843479798ca813108fa7b959286","SAO PAULO","-23.60408998251485","-46.61372320760002"
"13271","bede56095ba33c42038fb85f707b8a42","VALINHOS","-22.963253612775464","-47.01219940781335"
"11430","c0e6839516f5398edc34adf5f1d53d1a","GUARUJA","-23.993678860118855","-46.28818069747246"
"3937","6ee85be3693ed79a8e80718743d80655","SAO PAULO","-23.58790062753188","-46.501829952680446"
"8490","6650fcccd8cd2f7e55ffa524f30c4c59","SAO PAULO","-23.56613158673322","-46.409331174303155"
"2565","e6ffc9ac6a7adc9d16a1cfc2286dd546","SAO PAULO","-23.486109347919744","-46.66826821319252"
"17056","817245bcc3badd82bbd222e0366951a6","BAURU","-22.353122459390228","-49.0981396206503"
"1035","1d503743d2526f03f0c2c89540ee008c","SAO PAULO","-23.541577961711493","-46.64160722329613"
"3702","a416b6a846a11724393025641d4edd5e","SAO PAULO","-23.51674732944774","-46.54818243075192"
"4445","c8417879a15366a17c30af34c798c332","SAO PAULO","-23.68080098473656","-46.684024129753595"
"7859","6561d6bf844e464b4019442692b40e02","FRANCO DA ROCHA","-23.327466916607417","-46.714120333285926"
"13030","ea65d8b58316a6f2362f2a9e4b3e86ad","CAMPINAS","-22.92307293436962","-47.07736893176041"
"13478","19e0f40a907ec568c34bfac15de4f4a1","AMERICANA","-22.73784513775067","-47.3153219704865"
"7097","beadbee30901a7f61d031b6b686095ad","GUARULHOS","-23.446349958364614","-46.543655493479115"
"18052","455f46ef09a9e45667e2981df84b5cc2","SOROCABA","-23.523697811887327","-47.51044464601762"
"9350","3504c0cb71d7fa48d967e0e4c94d59d9","MAUA","-23.675223189853284","-46.44103830326542"
"9175","2a61c271b1ac763450d846849783e922","SANTO ANDRE","-23.686455572854758","-46.52061165889549"
"13908","fffd5413c0700ac820c7069d66d98c89","AMPARO","-22.72282092806635","-46.84179829244856"
"5713","c87abc38c8ed3240861729e1aeadf221","SAO PAULO","-23.62510448987245","-46.72835260796926"
"18040","674207551483fec113276b67b0d871ff","SOROCABA","-23.504368128224375","-47.466156284349914"
"4870","b83cedfb587e7911540e3f576d6917ce","SAO PAULO","-23.749510231490447","-46.759725187633364"
"9015","a9ae440659f48b7849df83e82734150b","SANTO ANDRE","-23.65791224508045","-46.52088020260834"
"9715","7722b1df1b0e383e000397b2c11e3e19","SAO BERNARDO DO CAMPO","-23.71457923606073","-46.54581156219319"
"4195","c0f3eea2e14555b6faeea3dd58c1b1c3","SAO PAULO","-23.657250175378767","-46.610759448111224"
"19029","4559697a8f7e637227c2eeaed843baff","PRESIDENTE PRUDENTE","-22.07708974256958","-51.41548624933166"
"1220","48bad451945f5227341793478d6353ea","SAO PAULO","-23.543269575076465","-46.6455519528247"
"3635","e3b4998c7a498169dc7bce44e6bb6277","SAO PAULO","-23.522790877315536","-46.53604251012755"
"9090","42ef3192a9ff87a22d1867b74b3ee205","SANTO ANDRE","-23.65198043825374","-46.54095207799065"
"1220","f1198c871e0171278b63f40d112caeec","SAO PAULO","-23.542757999999992","-46.64547398167813"
"13471","427165bf50f8ca07efc7bdc2bfcf1688","AMERICANA","-22.722145470713865","-47.33535052553523"
"4308","b127efdabeffb5d559349c7b172eb75d","SAO PAULO","-23.65122827692988","-46.639731778343"
"8030","835f0f7810c76831d6c7d24c7a646d4d","SAO PAULO","-23.49997012461769","-46.42365639286743"
"19300","64b87978a11c1ea7501a89eabe8c2c1a","PRESIDENTE BERNARDES","-22.002385790929264","-51.56036410767424"
"3382","a080fc8a850289b27500f6b49cca2553","SAO PAULO","-23.58004481127011","-46.52972381848346"
"19814","4bf2f4ee540798a61f9636d12cd9cc80","ASSIS","-22.64961538190318","-50.406862966414685"
"1026","6902157ee16728322d61a1321fa79e58","SAO PAULO","-23.539439503750902","-46.63306386663973"
"1021","e0487761face83d64fcada2408959a36","SAO PAULO","-23.54516769470249","-46.632248679583284"
"7070","00720abe85ba0859807595bbf045a33b","GUARULHOS","-23.451797514570956","-46.55390064723872"
"11990","0887a9f087bcd5d9f6642b52f897fc6c","CANANEIA","-25.011812317282136","-47.930451004516165"
"2150","55d3daac7c404d59e51c2aa2f4dc5a23","SAO PAULO","-23.495750203445063","-46.56850788842403"
"15075","575df70bde3f9f2b30bf8d2e9910d725","SAO JOSE DO RIO PRETO","-20.82418210752639","-49.350834727060686"
"17505","6c77cd583b36a13aacccf2b3ee23e233","MARILIA","-22.202557522072777","-49.965560276992306"
"18035","a150c540f572d0fb53992264bc5c10b5","SOROCABA","-23.501058123111395","-47.46835501559965"
"19160","f35becee938e982bd615edf8ef12bcfb","ALVARES MACHADO","-22.077668074421375","-51.469341169800465"
"13375","d93919c944be9cff128f6c9cb899eacb","MOMBUCA","-22.9294881423121","-47.56826980444118"
"19027","a67780aba9dd436e7ac0aa1f889e73ec","PRESIDENTE PRUDENTE","-22.114144253096722","-51.42129393535142"
"2451","3a1a1fec38dd360f15fc912e821e169d","SAO PAULO","-23.50032232672679","-46.64104366534537"
"4001","f664f98bfda2eaf266a23ff144e7a872","SAO PAULO","-23.57230126005544","-46.65200020136758"
"13250","70eea00b476a314817cefde4aad4f89a","ITATIBA","-23.005474434298936","-46.84112811740003"
"7411","11eac105f3f90a9b87b19c89d91e24f3","SAO PAULO","-23.40112949486411","-46.34138851387846"
"1026","630008e0f062605a415d694489f6f82e","SAO PAULO","-23.538895356079482","-46.63545499624909"
"13087","1127b7f2594683f2510f1c2c834a486b","CAMPINAS","-22.85275770752771","-47.05510214136723"
"13418","1b4b28463457a256e9a784ebe2a8f630","PIRACICABA","-22.72880404359728","-47.63173831975289"
"17056","3968920b9aa752ab98f7d5888c9252f2","BAURU","-22.362989238963618","-49.10417917098495"
"1026","c84592044b180dec206770c38603814b","SAO PAULO","-23.53984025062037","-46.6302639919499"
"5171","35281d148dcf7134bae913c57db4e6da","SAO PAULO","-23.47846082653355","-46.74780027254892"
"6700","6bb0724edf0b62fb91ac404873a97241","COTIA","-23.618364275958324","-46.94004136202083"
"11701","3289d8c3eef4873f91ce0b1343c0dd58","PRAIA GRANDE","-24.00774226672053","-46.425340665560604"
"2515","0bebbb2cea103a4a020c95d43fd7d754","SAO PAULO","-23.510081986121538","-46.65907867000398"
"3613","d57e18d5f73c7ccb7f7339b61166898d","SAO PAULO","-23.51845531779098","-46.532683682064786"
"8573","f22a247b79dd22ecd91dc8e3b2a1b07c","ITAQUAQUECETUBA","-23.495851409134296","-46.356545578590264"
"17509","8ff1a9df749e454105c55cda13e79143","MARILIA","-22.217559857477806","-49.93997427233191"
"1529","768a86e36ad6aae3d03ee3c6433d61df","SAO PAULO","-23.569353157366287","-46.63690014002537"
"1530","968268a686aa05d1f529fb07dff08130","SAO PAULO","-23.586145389375964","-46.72796029067322"
"2880","3dc69bf2c42f0568a5c4791ec3fd3745","SAO PAULO","-23.466639604218358","-46.67256167638064"
"5424","5b179e9e8cc7ab6fd113a46ca584da81","SAO PAULO","-23.567612521784305","-46.69742244754457"
"12230","9c0e69c7bf2619675bbadf47b43f655a","SAO JOSE DOS CAMPOS","-23.221431461827063","-45.888163895493165"
"13471","baeda7047354773262ba2405f97038ba","AMERICANA","-22.720185670552254","-47.33144275965141"
"2755","8f0fbe2cd4d472157dc1cdef6edecaa9","SAO PAULO","-23.48851771357262","-46.67941015751051"
"14080","c0098efcf800861dcae589affca31408","RIBEIRAO PRETO","-21.154717173466437","-47.79762442492353"
"8140","ff69aa92bb6b1bf9b8b7a51c2ed9cf8b","SAO PAULO","-23.500094175688144","-46.39903692936692"
"9862","513a54369b6a8a6602fcb0e129c6d78d","SAO BERNARDO DO CAMPO","-23.705450443973447","-46.58385800553772"
"13408","bf0d50a6410d487dc97d2baac0a8c0be","PIRACICABA","-22.67126597723474","-47.69675782988044"
"7112","8581055ce74af1daba164fdbd55a40de","GUARULHOS","-23.465304114698753","-46.51148732089968"
"14403","9d7a1d34a5052409006425275ba1c2b4","FRANCA","-20.539543731426736","-47.39221584605697"
"4176","5ca5d579b5857ee8709479b1047cecc3","SAO PAULO","-23.63461395920133","-46.60225462975359"
"18087","3771c85bac139d2344864ede5d9341e3","SOROCABA","-23.442173999999994","-47.45493449999999"
"9015","cc419e0650a3c5ba77189a1882b7556a","SANTO ANDRE","-23.665703457960582","-46.51808196779969"
"17209","4d6d651bd7684af3fffabd5f08d12e5a","JAU","-22.27568678711987","-48.542599749927895"
"1026","6da1992f915d77be95d7fa48b36904af","SAO PAULO","-23.539167607276784","-46.63524162031853"
"4508","e503f22be6a4f456d9851920a5d9c670","SAO PAULO","-23.591391568699816","-46.66656196586642"
"9015","9485a23c0430ba1d58d359391606fce6","SANTO ANDRE","-23.664828709677472","-46.51630945420966"
"5713","7bac63f6603d382cc8d0832eb6c100a8","SAO PAULO","-23.624471713572618","-46.73236369025909"
"13418","be8e909810184b9b19e886129149d8e5","PIRACICABA","-22.7182424454671","-47.63064220191586"
"1541","777a0c55737f34ffeb78010f7542ab41","SAO PAULO","-23.56869899639332","-46.617833017340914"
"1021","dd55f1bb788714a40e7954c3be6df745","SAO PAULO","-23.541026814876787","-46.63207068206479"
"12243","8b28d096634035667e8263d57ba3368c","SAO JOSE DOS CAMPOS","-23.201781118789313","-45.895670077990644"
"18076","56f413900b5166ab4d730e9ac0b12cb0","SOROCABA","-23.462371697472452","-47.47117224424374"
"4276","c6381b1321d7d97717a5bb4ed5b77882","SAO PAULO","-23.60408998251485","-46.61372320760002"
"17515","5151aea44289d6c6b090ee31c2132508","MARILIA","-22.210461027738706","-49.93571261075899"
"17209","4867209cb29b56b92893d7bde3ce8012","JAU","-22.273780358041392","-48.54247513835192"
"5424","ff314fa6033cc68ec451c47aee2d6ba4","SAO PAULO","-23.571257720785987","-46.696331231750236"
"13321","213b25e6f54661939f11710a6fddb871","SALTO","-23.190243653067114","-47.291570633360266"
"11446","41e0fa5761c886a630994a55c12087e7","GUARUJA","-23.940592627531885","-46.18049042714523"
"13030","fe2032dab1a61af8794248c8196565c9","CAMPINAS","-22.927037889090464","-47.07697697887436"
"11701","8c351ed7c326c62123318f4f3246e906","PRAIA GRANDE","-24.004225641689494","-46.423076840116934"
"11900","c66dccfb3f109511246da627dd5a2498","REGISTRO","-24.49203032806276","-47.83413137913321"
"6268","52bb00821bcdd358a5a5a27e1f6be5a1","OSASCO","-23.49407725898757","-46.777854569911895"
"6322","60ad151920c4f6f3ebbe8cfdf6166779","CARAPICUIBA","-23.527097594125784","-46.831472720216745"
"8593","21d59342ba150175ca2aa4f8faddeca6","ITAQUAQUECETUBA","-23.442644999999946","-46.31869249999997"
"15115","cb5df0dcb9e280b1780e9d589889f2c7","BADY BASSITT","-20.9245222402303","-49.45780155372428"
"3333","00ee68308b45bc5e2660cd833c3f81cc","SAO PAULO","-23.556849999163273","-46.56941527477062"
"5424","7dc8c42cc750eeafea6c85712ffee9bf","SAO PAULO","-23.568331777684804","-46.70184589508914"
"15115","d9cd369bffa979d1634f8e1318bf2f1b","BADY BASSITT","-20.914112716234552","-49.45183368863267"
"3320","725c32fa80c2faacc4fc88450d27314e","SAO PAULO","-23.547285965837776","-46.56940937552652"
"8790","4ba52dfeba874da5b9ee7b17c7494f04","MOGI DAS CRUZES","-23.528610738236747","-46.16789925641224"
"1541","9523fb39dd240aa958e040f8183d64f3","SAO PAULO","-23.568722298084143","-46.61880092397124"
"13390","72431a818f97fe6ab9c81eee3e297e54","RIO DAS PEDRAS","-22.849226544300205","-47.61048571730711"
"3001","b9ca8e8baa5d4aa038394a700f63e69f","SAO PAULO","-23.54138387625104","-46.614049445814196"
"13215","6bb62a4912377c7bfe7cb17b406bc7e6","JUNDIAI","-23.180540216227012","-46.87767895836462"
"14025","be1e9e378700cecaa4ebf71433d7915c","RIBEIRAO PRETO","-21.186657754371282","-47.80976500582838"
"14403","9cf787a239c1aa29dbd76f153dc13f9a","FRANCA","-20.567061171203783","-47.36790662073282"
"6787","c76d418370990614e89e956c7a7567d9","TABOAO DA SERRA","-23.627043639188646","-46.79980025520799"
"14806","a218df5c097b0ca409cfaac1488cc7f6","ARARAQUARA","-21.759104419931877","-48.16642293075191"
"3423","acb6c2ca5c82411c1fdb88d5fd5eb95e","SAO PAULO","-23.547994679987315","-46.5406987209302"
"13380","cd3d09fbe6e3e9ff0c0ac0c300e93ae7","NOVA ODESSA","-22.779754253242903","-47.295758177052605"
"13900","e5def42655b7490edac5a56fe8e9e603","AMPARO","-22.702619514570955","-46.7658643411045"
"6780","90d4125885ab6c86e8820a722be71974","TABOAO DA SERRA","-23.617823004822213","-46.79358236394467"
"13311","762fafdaa57a532ee0119731697579dd","ITU","-23.26608248211083","-47.31279244463039"
"15603","4c8545742faaf58fafd5fd14d25d75cf","FERNANDOPOLIS","-20.284016680741093","-50.246421284351825"
"1310","fa14641f57b655e933124a9ea49cd7a5","SAO PAULO","-23.56495811933758","-46.65213530737497"
"13091","52454f90d4c30c016768db02f88c1a74","CAMPINAS","-22.86623673772286","-47.025165619626044"
"1545","edf96ef93ed595084bbcbd9224bd2894","SAO PAULO","-23.58156382070517","-46.61468334693288"
"13845","74c7dec0a384d8a05950e629bd23bde9","MOGI GUACU","-22.34712884295718","-46.94817029747257"
"1254","b6f52e346160519c24a23af05410ad32","SAO PAULO","-23.54196785483874","-46.68191419135562"
"9130","8fbd63429be6d3e5e6d1a709b6464802","SANTO ANDRE","-23.681251529834388","-46.509166226470136"
"13186","c70c1b0d8ca86052f45a432a38b73958","HORTOLANDIA","-22.887514996879027","-47.19573904628551"
"13070","562fc2f2c2863ab7e79a9e4388a58a14","CAMPINAS","-22.892501694730647","-47.07800185789511"
"1041","e5cbe890e679490127e9a390b46bbd20","SAO PAULO","-23.5443921648681","-46.63949930627844"
"12231","038b75b729c8a9a04b0d07cba7eabe86","SAO JOSE DOS CAMPOS","-23.215086943101173","-45.88965270330085"
"16306","f4ce8ca9fa7157e3b33f536ac9a4487d","PENAPOLIS","-21.412735682401664","-50.0932985636057"
"3068","f125f3a310c2e5f822d116147de1e474","SAO PAULO","-23.537588133504503","-46.56824798211082"
"13070","37303482a42fb700d8d127e70a9cd6c8","CAMPINAS","-22.884723941354903","-47.076555310574605"
"5715","baf15155e37ef5492731459bdc05be8a","SAO PAULO","-23.628855163483117","-46.731968359714834"
"9951","655220df33262c7e0c4949a147366f94","DIADEMA","-23.685732346427592","-46.58719463596568"
"12512","d4f91e8be86b38da2ee35bc489645a9d","GUARATINGUETA","-22.78804378557332","-45.20983189935114"
"13481","fcba71d4d5db057f43249145e4eb1e27","LIMEIRA","-22.598016562198158","-47.39727160848652"
"13481","729f06993dac8e860d4f02d7088ca48a","LIMEIRA","-22.59969081402483","-47.39719804070123"
"17700","400f221ab83037c0ea78f1267da9624d","OSVALDO CRUZ","-21.79158803879544","-50.8665758032873"
"5372","05a48cc8859962767935ab9087417fbb","SAO PAULO","-23.583166030526876","-46.761243883432364"
"1403","1992f8fb6b19fcccd97ca819811e7267","SAO PAULO","-23.563494723007683","-46.64829324424374"
"8820","7d456afc660226829370f3173d14520c","MOGI DAS CRUZES","-23.512628393866617","-46.15269778088044"
"19800","1336efc61c316ddf92c899eb817f7cae","ASSIS","-22.667913335276126","-50.41920174522468"
"18530","817f85dbb65aa3e70831d90fe75cdf89","TIETE","-23.112239657852275","-47.71121420729847"
"1123","218f991754f360af9c2daa5e0b8e990c","SAO PAULO","-23.530716261728877","-46.637927727999354"
"4122","e7df4cd29ab5abab70fb0783ddb53987","SAO PAULO","-23.603187216486816","-46.62096322009347"
"4160","979e9f8b5b39dd243a2550c8b05aecf0","SAO PAULO","-23.62358155176294","-46.61056007369148"
"4578","eebb3372362aa9a46975164bed19a7e7","SAO PAULO","-23.606158440567068","-46.69703876815752"
"18683","ebd2d60905fb58271facef5596b620d3","LENCOIS PAULISTA","-22.598052175611492","-48.80463807520283"
"9360","f0b47fbbc6dee9aafe415a6e33051b3f","MAUA","-23.678798920064235","-46.45947764149177"
"9780","8d956fec2e4337affcb520f56fd8cbfd","SAO BERNARDO DO CAMPO","-23.71688471949829","-46.54199108267673"
"13482","1c40343cc5d18c2d8248ac2f3366de34","LIMEIRA","-22.574877851520522","-47.416177053147926"
"15800","1e47defeeadeca0e9a18fa5a9311e735","CATANDUVA","-21.141961501529202","-48.97287469954993"
"2972","1c129092bf23f28a5930387c980c0dfc","SAO PAULO","-23.48029674271453","-46.71122495337295"
"3410","fedf2c1386e137f296b3bbf3b635e69d","SAO PAULO","-23.552642975301502","-46.55303510713256"
"9921","e5475dcab1e07b63d7f6e902d8f5eda8","DIADEMA","-23.681267775420476","-46.612177805125086"
"13330","9baf5cb77970f539089d09a38bcec5c3","INDAIATUBA","-23.0914003827399","-47.2235655015292"
"14802","3fd1e727ba94cfe122d165e176ce7967","ARARAQUARA","-21.767229724269903","-48.178465401998345"
"18683","851773c885feb5e2da3b4f82bc2b17ce","LENCOIS PAULISTA","-22.602586471149202","-48.81247149518349"
"4809","60562ab00b8054280520d390c8c0045c","SAO PAULO","-23.71992046378896","-46.693208556754605"
"1403","e3e290b38963293022cdcd6db8328103","SAO PAULO","-23.57034735804139","-46.65315099653755"
"4567","5b925e1d006e9476d738aa200751b73b","SAO PAULO","-23.61424927422236","-46.688441054821354"
"2034","63b464dbf392c7b80d12d932fa7cafed","SAO PAULO","-23.50412273877685","-46.624607531165196"
"3122","e72b4feb7abe210c52aa667abc25a3a2","SAO PAULO","-23.569423909804325","-46.59127977921403"
"6760","d3891911c2feae53c52fea2bd14054e5","SAO PAULO","-23.61309814432454","-46.77081710713256"
"17580","5dc203c7b84a0e71e878a179de05fb9a","POMPEIA","-22.106689806288585","-50.190725462713125"
"3471","dd7ddc04e1b6c2c614352b383efe2d36","SAO PAULO","-23.56625832001269","-46.51841724632121"
"5632","0d33a55da925bbf1ff02af5f6059fc7f","SAO PAULO","-23.59978147599399","-46.73530029378497"
"13070","ffff564a4f9085cd26170f4732393726","CAMPINAS","-22.886322537699918","-47.089093233761375"
"13845","ed9eef5be0992d413d251fadba1a410d","MOGI GUACU","-22.35835224656331","-46.96074827733332"
"13145","c500367424994318b9e779ff1ae9a330","PAULINIA","-22.747226454733873","-47.17105239391846"
"13405","d63c73efd41eb002280e7ec831424edb","PIRACICABA","-22.699512281724175","-47.665724599919194"
"5462","9ed65337433adfbedefd23dd76eaa494","SAO PAULO","-23.557769968636396","-46.705380296699154"
"9831","3cfa1358a6caa965278721344c8d76f2","SAO BERNARDO DO CAMPO","-23.7911076994057","-46.54055014389185"
"4248","37be5a7c751166fbc5f8ccba4119e043","SAO PAULO","-23.61411790980433","-46.60034800222169"
"6332","3903c788ded8dc03b5ebab37a2f3e9a1","CARAPICUIBA","-23.545282500000003","-46.828647"
"6703","d06d019f72a04e5497a0b64190af170c","COTIA","-23.59398471189917","-46.91059123022104"
"17700","dcb7367a92f5ffb89f1e2152ed260285","OSVALDO CRUZ","-21.807401760259115","-50.87346701952189"
"13710","7b3f6ce5c6c22e9b96e7581ebf0df6e1","TAMBAU","-21.716754014169144","-47.27203933359484"
"3273","99a54764c341d5dc80b4a8fac4eba3fb","SAO PAULO","-23.57841833611285","-46.5592068753823"
"6311","a1bea7061f61f6fdd9a85a6325ba1033","CARAPICUIBA","-23.5215728152839","-46.847089658692596"
"1539","6e386f64c84e482f0b9abf960797ee1b","SAO PAULO","-23.573782561198005","-46.62058066708981"
"13405","da8622b14eb17ae2831f4ac5b9dab84a","PIRACICABA","-22.710936940042746","-47.663007630878774"
"5727","5d76d80a2f5f39c891b996a1bf4c9853","SAO PAULO","-23.625590333054422","-46.73905080544173"
"3962","05aebce0b5c8f0d41b29b686f2d05fd3","SAO PAULO","-23.609943","-46.48136049610485"
"8250","2138ccb85b11a4ec1e37afbd1c8eda1f","SAO PAULO","-23.539824031911863","-46.434679443937874"
"13481","bff9deb0ec77d437f3305a79cf25529e","LIMEIRA","-22.603578736337877","-47.414581978763955"
"14406","048c2757535328e0d7dac690ad3c0aae","FRANCA","-20.55487332024473","-47.44393584675157"
"6280","0e72c1a751b496722a6cb1f10653b62a","SAO PAULO","-23.511012601708206","-46.76163428864908"
"13320","62760d278921b5f352461620d68a9cee","SALTO","-23.200740902014047","-47.30062526796129"
"14802","974cf2cb8f4b7add98709c30df02fe10","ARARAQUARA","-21.774406588954914","-48.19163936441802"
"3971","bd23da7354813347129d751591d1a6e2","SAO PAULO","-23.615020791563268","-46.47934165652957"
"13450","5dceca129747e92ff8ef7a997dc4f8ca","SANTA BARBARA D´OESTE","-22.756626786385027","-47.4111694794038"
"4571","7f2617c58d5d06806987308b45654351","SAO PAULO","-23.61202394892955","-46.695471966703145"
"2929","1e483cc5c76fef08d3ca05f9a8af7d01","SAO PAULO","-23.49086602208629","-46.706045409257214"
"3280","024b564ae893ce8e9bfa02c10a401ece","SAO PAULO","-23.584265203445064","-46.536486176928875"
"14802","3586b8580d9c917874e053a1bb37b5ff","ARARAQUARA","-21.760806096824155","-48.17228519205648"
"7170","b1204cfda1d4948679db3cfc0d3cb95c","GUARULHOS","-23.425519368861426","-46.41653404010617"
"7051","6d2f2e3b539480db1e0842b3a4e32e6e","GUARULHOS","-23.469143311962597","-46.54714331225105"
"5043","a2deecd5398f5df4987110c80a1972a3","SAO PAULO","-23.526016267212615","-46.68975372862293"
"1022","09bad886111255c5b5030314fc7f1a4a","SAO PAULO","-23.544986605055076","-46.63345367485142"
"1310","67883baaae6134ee81b271a542613728","SAO PAULO","-23.556926913670807","-46.6615417904381"
"3658","666658b8da8370f30e1f89893b1de5e6","SAO PAULO","-23.524579026371942","-46.50647830613423"
"13405","b6e1504972665f739dec4facb9943775","PIRACICABA","-22.71683928585045","-47.65736585405934"
"9820","685b870da5b52a710782c9c0fefbeb5b","SAO BERNARDO DO CAMPO","-23.746059525102535","-46.55042958090485"
"4857","430315b7bb4b6e4b3c978f9dfa9b0558","SAO PAULO","-23.7836170269202","-46.683140489872436"
"12995","42fb44130ac3134cde8e35cf8ec7df25","PINHALZINHO","-22.78314454789037","-46.58949540991712"
"14406","34a557286ead8fe75c989e0afcf7d98c","FRANCA","-20.531151999894856","-47.43366787318517"
"9850","a8739afb32aaa45e01815ca76f76f54b","SAO BERNARDO DO CAMPO","-23.723144421478043","-46.58004683701467"
"8598","c8b0e2b0a7095e5d8219575d5e7e1181","ITAQUAQUECETUBA","-23.464295023583936","-46.32874959104104"
"13145","c990d6cf976a5718aaedc539f383ab88","PAULINIA","-22.73306060560335","-47.17829082930352"
"14780","39a5005f2605cbdb4f9ac14485cabfd1","BARRETOS","-20.559161569758867","-48.569386271243005"
"2523","134285d1f41da5c13a756ee8142c8a4e","SAO PAULO","-23.507503407438392","-46.654613565497165"
"4133","b87a7ea0c30fad2dd6781b74a0064859","SAO PAULO","-23.61516633486669","-46.61733089197719"
"5048","626ab1cd96932367f0eeec2e47046c12","SAO PAULO","-23.53047428864907","-46.694434159587985"
"13486","a89e143d5211473ae18db9577ee34b64","LIMEIRA","-22.568907864569766","-47.37619564683011"
"14802","af3ef48d0e13835e529c29ac573c63e5","ARARAQUARA","-21.773027483207347","-48.18459230737496"
"17580","011b0eaba87386a2ae96a7d32bb531d1","POMPEIA","-22.105021567709144","-50.1738866856198"
"1123","f25e239052084705e17a982bc600ab2a","SAO PAULO","-23.529307180131543","-46.63490526351788"
"4650","74871d19219c7d518d0090283e03c137","SAO PAULO","-23.659845161521215","-46.677882320849406"
"5353","05e107217c7266362fd44b75b2cd4cc4","SAO PAULO - SP","-23.559118658895486","-46.751659941716184"
"9812","ca7c6bd577e559472af1c699de9e764e","SAO BERNARDO DO CAMPO","-23.724048365774344","-46.57360861668318"
"9951","b18dc380845b24038cfc48006478f099","DIADEMA","-23.690070597553255","-46.59995236023442"
"13481","95ec4458365c4d11f452ccf538377619","LIMEIRA","-22.599254430886607","-47.37980963550319"
"4133","11fb6f6d341adbe19e81733701704635","SAO PAULO","-23.623365366253868","-46.61991341598091"
"13240","a61cc04793308395a840807104365121","JARINU","-23.087824894141608","-46.713454912274706"
"13568","c013e57c075a06e5b5c48ee03c525719","SAO CARLOS","-22.016967296150902","-47.85171546211552"
"3018","71039d19d4303bf9054d69e9a9236699","SAO PAULO","-23.53174394892955","-46.61395302123605"
"8730","439a47cc365d6e3bd526812ea9de3c29","MOGI DAS CRUZES","-23.527490186661275","-46.20287197213819"
"14406","a435b009cd956ea60748b5cfbddf2e24","FRANCA","-20.55169780814256","-47.41511572671688"
"17320","729b2d09b2a0bdab221076327f13d050","MINEIROS DO TIETE","-22.40983742501461","-48.45042421567509"
"2030","98dac6635aee4995d501a3972e047414","SAO PAULO","-23.501546612268438","-46.624553047175304"
"2030","821fb029fc6e495ca4f08a35d51e53a5","SAO PAULO","-23.504769581649203","-46.62470303231384"
"13900","9140bd1d9de28b197dce077bdd687438","AMPARO","-22.702340334853258","-46.76761018373958"
"3334","4992e76a42cb3aad7a7047e0d3d7e729","SAO PAULO","-23.554109870390636","-46.57148809380234"
"4537","4a23adac87cf538689fa600d976f78b2","SAO PAULO","-23.594499367187993","-46.677720562034715"
"13322","3492e68f37fd1df87f4f2f2ea247f445","SALTO","-23.194155763010308","-47.26601382366275"
"3658","85ecf03781da592876b7844acc1b729f","SAO PAULO","-23.53005647145718","-46.496446758288734"
"9271","50770d25768b0486d89be26afca3108f","SANTO ANDRE","-23.641543550926208","-46.50119026048813"
"15081","a369d693961cb93b61ca2cc518872a85","SAO JOSE DO RIO PRETO","-20.83979142604185","-49.36434379063306"
"15081","cbd996ad3c1b7dc71fd0e5f5df9087e2","SAO JOSE DO RIO PRETO","-20.843801199497772","-49.368911185271784"
"3476","e8f6dc8e6a1dcde89d20e3995c8d90b3","SAO PAULO","-23.5706181335045","-46.50933181986844"
"9360","b81e3a6c866a764974fe849821abeebd","MAUA","-23.68102340168479","-46.456523073672"
"13481","b499c00f28f4b7069ff6550af8c1348a","LIMEIRA","-22.593131127781405","-47.42382970450547"
"5856","e4253cef933647000a82ff39c67b7bde","SAO PAULO","-23.652995112960937","-46.78211825214959"
"8583","5058e8c1e82653974541e83690655b4a","ITAQUAQUECETUBA","-23.43567309991361","-46.38032799842931"
"9780","dfc5fb7259bb2b599ca565e6e9448f0f","SAO BERNARDO DO CAMPO","-23.71751397310845","-46.53807028971694"
"12228","f1b93673502375d491780bb49d615dbc","SAO JOSE DOS CAMPOS","-23.25777249999993","-45.82569514299996"
"16480","87b4428a334b8f676fd9a7f3bf544fb5","GUAIMBE","-21.91315599927055","-49.90005861403283"
"8246","b9c0ffa92f3ff9a5a3d45ef7213c0842","SAO PAULO","-23.531431588406654","-46.439299603381656"
"1545","a513150f33f99a06569e9cd5c4bb889b","SAO PAULO","-23.581373061053768","-46.6178758329102"
"14076","0d4c8269e7f0401201794deef160edd6","RIBEIRAO PRETO","-21.15425171160022","-47.78738989325995"
"17011","79ee721b6f766066a80264402548d359","BAURU","-22.33464564974889","-49.05350529935354"
"1123","6b803197e03abd5056b4313306b4f29d","SAO PAULO","-23.529671716631043","-46.63543928504239"
"5319","f9bbdd976532d50b7816d285a22bd01e","SAO PAULO","-23.543369802772908","-46.73227360417187"
"11370","173d56ffbd4c56cb80fc3615487d712b","SAO VICENTE","-23.962341006335215","-46.37834981603576"
"13843","17a053fcb14bd219540cbde0df490be0","MOGI GUACU","-22.397009162797797","-46.94545202732525"
"12242","638cba8be1fb599bbb76fd6948351eb3","SAO JOSE DOS CAMPOS","-23.199958288100813","-45.90849172981701"
"4160","ea8482cd71df3c1969d7b9473ff13abc","SAO PAULO","-23.62556238995326","-46.61300045184374"
"5319","c13fb473e7cb8b83ccd543c094df0608","SAO PAULO","-23.543369802772908","-46.73227360417187"
"13481","b33aaadd1a8891d2dfef0c4c3bdf0371","LIMEIRA","-22.60139017568815","-47.3993359679439"
"14300","a99504ac23ed125aaf5302af6cc30af9","BATATAIS","-20.886174694700312","-47.59434113509063"
"6653","b4a476fbd28de64b1e347abf9089366a","ITAPEVI","-23.547864497191817","-46.92542765190682"
"15350","3076499bbc033a927bf4a8a41bcf7fd4","AURIFLAMA","-20.68604093423175","-50.55347736946949"
"2279","1fddcb7b326905d3ad5efe82187db347","SAO PAULO","-23.46048082737028","-46.57585219747245"
"13454","13dd308f81fea30cc670c656b2b46cc3","SANTA BARBARA D'OESTE","-22.744969047625496","-47.37914712056189"
"3334","ac1ed5fc15901fbc92920361eb4ab350","SAO PAULO","-23.554597380692613","-46.57370400298258"
"4296","bca9230d3bbb4efa51872bf605a2f1ad","SAO PAULO","-23.621852242022026","-46.603648283513195"
"13070","73b8eb4a9a729d4019b24ed1be748cbf","CAMPINAS","-22.895876357204664","-47.0791850342778"
"11010","36a968b544695394e4e9d7572688598f","SANTOS","-23.93465945090488","-46.331065142884974"
"13322","c31eff8334d6b3047ed34bebd4d62c36","SALTO","-23.19533847071386","-47.27638738758732"
"14780","a7c53f6b3b61adbdaa99dda97e8cbd56","BARRETOS","-20.55352180460502","-48.57715926810552"
"3161","cea729054f157f5870bdd321a958d994","SAO PAULO","-23.580905196779966","-46.56317152651616"
"2918","499ec63c58e51296c9cf57edcfe1c8a8","SAO PAULO","-23.497743969101172","-46.716125492041655"
"3647","eba88037e1dca898cd02881f67ced679","SAO PAULO","-23.530828892867447","-46.527533900773285"
"5741","b7e1750c1157341d2abd0251e07c186b","SAO PAULO","-23.61182165306711","-46.74705040161001"
"7031","0dd184061fb0eaa7ca37932c68ab91c5","GUARULHOS","-23.496488565250488","-46.54671310832206"
"9850","116ccb1a1604bc88e4d234a8c23f33de","SAO BERNARDO DO CAMPO","-23.724134173502666","-46.57554561519289"
"13450","26b482dccfa29bd2e40703ba45523702","SANTA BARBARA D´OESTE","-22.760477687572443","-47.41281121951772"
"15350","c3aad7dc65449ae90a5e9c3c6c1e78e0","AURIFLAMA/SP","-20.68604093423175","-50.55347736946949"
"17580","d51e0a403fe2e689ece6c73359d96e12","POMPEIA","-22.111687619003064","-50.176574456652475"
"17700","48b6c3f4c6a93171da04b75313f2130f","OSVALDO CRUZ","-21.787613665287076","-50.87213184519997"
"13330","f84fa566034f5e8e880a07ec624c56af","INDAIATUBA","-23.088542898147562","-47.218605642247056"
"2968","db6a4d4b5f1f5f98820ce6ce2619e2de","SAO PAULO","-23.476825130734543","-46.70526423521269"
"3513","e64ddbe1cbcf4f2fc3092b7c481f3f9d","SAO PAULO","-23.533151950603","-46.52395517943906"
"18025","9d4db00d65d7760644ac0c14edb5fd86","SOROCABA","-23.520480249006216","-47.44649732938174"
"2036","87d30a6a0cbf89356e49324971ab1d24","SAO PAULO","-23.50210750375091","-46.62196127699232"
"4054","2bdb95a56a36ebbc6640337ac5eac174","SAO PAULO","-23.615894933666112","-46.63983101249348"
"5503","25e6ffe976bd75618accfe16cefcbd0d","SAO PAULO","-23.571084458220376","-46.70899251887011"
"4613","e84ad2127668df3aafc6b73531a0beb8","SAO PAULO","-23.621229639188645","-46.665664134889475"
"4361","ae9690c6e8fee182c28c9ff8e11ca52c","SAO PAULO","-23.64488713277081","-46.661968798329454"
"4447","a2a41aedb70551d4a85aa04dc2fced48","SAO PAULO","-23.69230323619365","-46.67778116374293"
"6340","8c9348f33ae3dada25c99c99ade2af78","CARAPICUIBA","-23.565738826970037","-46.82322005984521"
"6429","7e93a43ef30c4f03f38b393420bc753a","BARUERI","-23.491791912543025","-46.94733309700014"
"18611","02f623a8eb246f3c5f7c2f96462654e6","BOTUCATU","-22.872417407209937","-48.432854748380386"
"4693","72bc2cce903c872fe376a8faaa81d237","SAO PAULO","-23.680178204541587","-46.69191023495291"
"3426","7a67c85e85bb2ce8582c35f2203ad736","SAO PAULO","-23.554079433810344","-46.53324185942636"
"4361","ca3bd7cd9f149df75950150d010fe4a2","SAO PAULO","-23.6442788484621","-46.66304850360666"
"19803","8bb48dc19fccaa8613b6229bf7f452a2","ASSIS","-22.679653253935193","-50.44287891853987"
"17017","7bb8fac2913a6064ec412e583c6d8b4d","BAURU","-22.353379879537247","-49.05238433917126"
"13330","a11a0e0ca67423425691db355cff69b0","INDAIATUBA","-23.089034640573626","-47.214419237867084"
"7145","e1b12447a7563944843191754aeb5562","GUARULHOS","-23.403959999999998","-46.48452053274858"
"6539","f1ce5fdecd64935c28b9ff932751d0dc","SANTANA DE PARNAIBA","-23.456727","-46.90348200000001"
"13481","553a440137d6e0cf776aee0bb83ac9f5","LIMEIRA","-22.604438881758938","-47.407485902446744"
"17017","bd1d49a326abfa9b1036772e40445430","BAURU","-22.3468941382077","-49.05666108341501"
"13105","b0b346d3a89f5eb4c2968af3f083cd43","CAMPINAS","-22.89082402420255","-46.9816531677612"
"15131","8e29d051f810eb22959ede205b462b9f","MIRASSOL","-20.81333483779711","-49.53041338160926"
"3065","d26aa40b90272d4843d63be7c1462c8d","SAO PAULO","-23.53638432361936","-46.57920289454089"
"4281","eb3071b9f0b0ddaa2df5ea130f09f26b","SAO PAULO","-23.606381189566598","-46.60803358826242"
"7176","45a3d05fb00435e52a28859dd03703b3","GUARULHOS","-23.40949927477061","-46.39656594240867"
"9336","8ca5b19e0263150d2c57afdde2b3d011","MAUA","-23.65984765821185","-46.41012686754482"
"13224","18e694e0e48ed6f7aa3f24aade5fd697","VARZEA PAULISTA","-23.2256361212416","-46.8352505773309"
"13330","c510bc1718f0f2961eaa42a23330681a","INDAIATUBA","-23.090682739142792","-47.221095342764194"
"5127","89ad3263c0931c47f976d7c5778e60f6","SAO PAULO","-23.495994283368958","-46.74245332431184"
"8840","c4af86330efa7a2620772227d2d670c9","MOGI DAS CRUZES","-23.47709322844152","-46.135384296667624"
"4160","b494891378bd8f4560abe576c52deacd","SAO PAULO","-23.625777499307514","-46.610530873304825"
"3304","d9e7e7778b32987280a6f2cb9a39c57d","SAO PAULO","-23.54489718096826","-46.57777159631251"
"3563","30a81d8cf85fb2ada1b1b094c9583a95","SAO PAULO","-23.549693280599","-46.49264250874256"
"4809","7e3f87d16fb353f408d467e74fbd8014","SAO PAULO","-23.718206272390407","-46.692554037094816"
"13320","2ff97219cb8622eaf3cd89b7d9c09824","SALTO","-23.198860047870664","-47.29334560811024"
"9271","aae3bfea055532c57fb453ed3ec80b30","SANTO ANDRE","-23.639620380229736","-46.50604149140166"
"11010","0db783cfcd3b73998abc6e10e59a102f","SANTOS","-23.932592967539872","-46.33563505121467"
"19865","0f7eea709efdf942b5f95c7516dbacd7","PEDRINHAS PAULISTA","-22.817219015430805","-50.792409140572026"
"13320","5a9b3bcab695173c820e53934574ae80","SALTO","-23.204533808500155","-47.29646690536094"
"2336","808d4348b916efa08e766ebad39f61eb","SAO PAULO","-23.480584270615676","-46.619353822926875"
"7170","ed4311e67debd72b8610a5347a743087","GUARULHOS","-23.431948407438398","-46.44869453427779"
"13414","edb58a1390adf273840030a3d6253829","PIRACICABA","-22.702088667218387","-47.65731460235248"
"3562","d9a84e1403de8da0c3aa531d6d108ba6","SAO PAULO","-23.54478975206393","-46.495489292925285"
"5767","e62b2d6ac10570a035a30bafcf01d263","SAO PAULO","-23.63133471752179","-46.759458892739715"
"6283","a2b5b6105ea5942300631d2e76f4ffe0","OSASCO","-23.5168573377747","-46.770197196975495"
"8596","3febca52652e7209509ccfe61cbde40e","ITAQUAQUECETUBA","-23.47469907252676","-46.31480812284347"
"13806","2379bdc3888025689a9deb7b141507d5","MOGI MIRIM","-22.410052544109128","-46.97276509151268"
"4281","0aa2205ca24f113f4658a5c536667426","SAO PAULO","-23.604464158202997","-46.60905772370018"
"6449","70126eecc6aa1274392a1743866e9678","BARUERI","-23.5427504782077","-46.866257683615906"
"6539","0ee4fb99ac55ffbbc98795aa01b7f8fa","SANTANA DE PARNAIBA","-23.467741734270515","-46.877664978645356"
"4007","06579cb253ecd5a3a12a9e6eb6bf8f47","SAO PAULO - SP","-23.578282707744236","-46.65102362378097"
"6768","4f0d637c1197fd65405ebd755ac9f86b","TABOAO DA SERRA","-23.607693000000005","-46.75265774999998"
"13474","984c273121e743dd14767befe6cb17f5","AMERICANA","-22.699283751601328","-47.3060578924634"
"4133","b2a6d334e2833acea353624840e25a0e","SAO PAULO","-23.63058688480546","-46.61784924409308"
"4270","2953ce3a88f5e3c3b696d77fc9e4c8eb","SAO PAULO","-23.591084982514857","-46.613262776992315"
"14940","4c8b8048e33af2bf94f2eb547746a916","IBITINGA","-21.744743164047073","-48.81730560103751"
"14960","e8b4225284fbb02d16f200513f1f395d","NOVO HORIZONTE","-21.46284342229134","-49.21918836311204"
"3331","fdb9095204a334cd8872252ffec6f2db","SAO PAULO","-23.545478675515763","-46.58524120407659"
"4716","9dd459b29a14bf89d47183cf2cd0e4c7","SAO PAULO","-23.63539120245054","-46.69683581334274"
"11431","cee48807215b30a12ca2ca10ffb5f250","GUARUJA","-23.997778323619357","-46.2767638411045"
"2839","23ca5f678e0b3ea6c630b30fa8bf51ea","SAO PAULO","-23.477818578683145","-46.6830360416354"
"8080","8a43128d7f9a3db592b866e6861a6cce","SAO PAULO","-23.484915471002324","-46.43150265889548"
"13505","101921376b577a4540dc30e9009133ca","RIO CLARO","-22.377233073835704","-47.566020189710834"
"3052","8d92f3ea807b89465643c219455e7369","SAO PAULO","-23.5413525745282","-46.609555379681474"
"14940","154bdf805377afea75a3bd158e9eab10","IBITINGA","-21.75455094521233","-48.824656521925"
"4009","8e34331b7eedd03be4e5d965c1956225","SAO PAULO","-23.587042499999995","-46.63573874999999"
"6018","7813ea3ebd9411dc600b4dd01f7a97b9","OSASCO","-23.54001991369947","-46.77765642117263"
"8717","720e6cf846ea7572cbb66b743fb91e6c","MOGI DAS CRUZES","-23.535324166918862","-46.1906669977593"
"18120","c157bdeedcbc9a8e3c8bf0d87ff24428","MAIRINQUE","-23.532772472991248","-47.16937115902071"
"9041","da7039f29f90ce5b4846ffc0fcc93beb","SANTO ANDRE","-23.666655446303828","-46.53485782638931"
"4676","385799a1cddbd26dfeb9157356a42282","SAO PAULO","-23.667425878313043","-46.685674540562324"
"14940","422be4cc81a457fdb46f47edeb968ae5","IBITINGA","-21.748902703984903","-48.81459759986821"
"18604","b2c97074649f92197d9387d9033dda5f","BOTUCATU","-22.878157547319535","-48.42619898834323"
"3916","070d165398b553f3b4b851c216b8a358","SAO PAULO","-23.590277256448754","-46.506241529834405"
"14940","d20b021d3efdf267a402c402a48ea64b","IBITINGA","-21.753990643194108","-48.83255578336415"
"14940","62de60d81c55c29d76a6bce418b31cef","IBITINGA","-21.748147628658906","-48.83523532864206"
"3318","b2eecf5ea250510da76590ca79d60e5d","SAO PAULO","-23.54446292977097","-46.56591579892085"
"5138","a420f60ff1aa9acc80d0e42959f2b313","SAO PAULO","-23.482190944486145","-46.73488313543773"
"6763","0951a6e282947e09cd47969f4ed0b47f","TABOAO DA SERRA","-23.609786384624815","-46.75740105595065"
"4714","b1aaae6b66ad3c40f54b389d7ea4bee0","SAO PAULO","-23.631758958364607","-46.69967548098564"
"6730","de0c78824586e9a5f5f04fd84e25df39","VARGEM GRANDE PAULISTA","-23.659233203083232","-46.99692810611056"
"8070","c1d1ebb4745cc43cb6f05e9c8a705c9a","SAO PAULO","-23.49380812101101","-46.458193850683806"
"14940","747c1cdcd1737dcfbd1547f6eb6f2cf3","IBITINGA","-21.756119983781947","-48.83997699140966"
"18550","9b76ad3d04236f76bc71c59470305e13","BOITUVA","-23.272872073498604","-47.676323296847826"
"15910","714b9a1332840f257b49f476bea4e341","MONTE ALTO","-21.255170217894634","-48.48570186533153"
"13041","436bf27f2f18474fc6047702e9f8a866","CAMPINAS","-22.917185964902217","-47.05423837572488"
"14940","8160255418d5aaa7dbdc9f4c64ebda44","IBITINGA","-21.77079297819951","-48.843005799716266"
"9550","fb8904a8ea99f8831b64ce27db2c1765","SAO CAETANO DO SUL","-23.620177114796054","-46.551804125504944"
"5849","6560211a19b47992c3666cc44a7e94c0","SAO PAULO","-23.651114842510154","-46.75521082321932"
"19806","bccf933e006e9b94a6184af782963e77","ASSIS","-22.657051323638015","-50.428301902223936"
"6513","a21c11ec5c3f03e7cc9f9203bff9e1c6","SANTANA DE PARNAIBA","-23.466737282854947","-46.90460432628395"
"7013","f41ce2e25237f9092cd8e6e7516c7a2f","GUARULHOS","-23.47058431779098","-46.523297545934554"
"11720","25e47381a6c510ddeb36084e33b89f0c","PRAIA GRANDE","-24.005678375238073","-46.45598089924407"
"3514","e24d3429d294b2eb200b064ebb035879","SAO PAULO","-23.535045041635392","-46.52060623633788"
"9370","184725737946a1a938bbbd1a9e978103","MAUA","-23.67339456229451","-46.46260498710249"
"14940","b39d7fe263ef469605dbb32608aee0af","IBITINGA","-21.76020833000703","-48.832555670002996"
"19830","b56906f7fd1696e043f1bcce164c487b","ECHAPORA","-22.42925217631197","-50.20413759688468"
"6380","270d3ef21830ad0ecf3a6c53d08a533a","CARAPICUIBA","-23.547707112763916","-46.83422886223403"
"13930","bfd27a966d91cfaafdb25d076585f0da","SERRA NEGRA","-22.596440207291085","-46.71196868822353"
"14940","2d50d6282f8aa2257819a77bfaa0efe0","IBITINGA","-21.7664768468313","-48.83154737836604"
"17300","238fac594e170b59c6d228f5a4f4f1d9","DOIS CORREGOS","-22.363449011432287","-48.394015976443136"
"2350","1b7e5006cb25dd23ce8686691013b121","SAO PAULO","-23.459346031363605","-46.60929309103239"
"9190","334cab711dee080b079fa5779b584783","SANTO ANDRE","-23.672626858445412","-46.540754569536546"
"1214","5b2e94f2c22b39ccc24d34ad0f669672","SAO PAULO","-23.53569581346678","-46.64141313885349"
"3035","3f3486b61f45078d4f31ee5e43d8c5bb","SAO PAULO","-23.524194342489487","-46.613838068844046"
"3560","039e6ad9dae79614493083e241147386","SAO PAULO","-23.55104659172488","-46.49467208228982"
"5849","c273175f7c6c80fb02f051e2fc6d0d72","SAO PAULO","-23.650227984736556","-46.75498649486411"
"15041","7b1222c3624aa89b9558b50a2594188c","SAO JOSE DO RIO PRETO","-20.796222017784032","-49.42402036205527"
"1209","1967a9e2ad6f51802b093147d861df58","SAO PAULO","-23.539446764643067","-46.639378335968615"
"5101","1d4587203296c8f4ad134dc286fa6db0","SAO PAULO","-23.504039141266116","-46.7311139948641"
"14940","b2479f944e1b90cf8a5de1bbfde284d6","IBITINGA","-21.7506212217083","-48.83149741274348"
"9320","0432ead42b6c8a0bdf68154add917fdf","MAUA","-23.656676689970634","-46.44420755410021"
"12246","5b8154610ebb21fb90eb587365e673df","SAO JOSE DOS CAMPOS","-23.221587583126546","-45.90665169219235"
"14940","07de60b03d150fb3ea09eab5da5e4c8b","IBITINGA","-21.775355805235435","-48.84473185078478"
"5138","624f4ece8da4aafb77699233d480f8ef","SAO PAULO","-23.48257902331352","-46.7352685320561"
"6080","13d058e4eeac2ce8217660b2f8a05812","OSASCO","-23.543660660268163","-46.78611759852845"
"14940","391fc6631aebcf3004804e51b40bcf1e","IBITINGA","-21.760594962192332","-48.847152167537665"
"13064","781a66c0d89e30814d49fe8b5e14cd07","CAMPINAS","-22.89149811512646","-47.14575284988991"
"18550","fc99f99385ae90f66f01733856fb88c9","BOITUVA","-23.28343787971438","-47.670430307032895"
"6501","1746c1ae87ac63d530c7c943d0ac42e2","SANTANA DE PARNAIBA","-23.44429906855559","-46.91663669969415"
"17047","15b3b1b81484422eb41df68ac87f1f50","BAURU","-22.33259929227913","-49.0443811707606"
"2873","6cf476a4ca74498db55cbccdaa9dcfb6","SAO PAULO","-23.45900988018955","-46.68595580638013"
"4282","debe6615cd90cc0c2eac2b8988e1f628","SAO PAULO","-23.607598086040735","-46.61267714862371"
"11443","c54679b132454625907c773d273d4126","GUARUJA","-23.97955012822438","-46.20319341923938"
"14940","004c9cd9d87a3c30c522c48c4fc07416","IBITINGA","-21.748293048511794","-48.827494872670904"
"14940","0336182e1b3e92f029d5354832045fdf","IBITINGA","-21.753990643194108","-48.83255578336415"
"1233","e5a38146df062edaf55c38afa99e42dc","SAO PAULO","-23.540299470713858","-46.662783605199316"
"12224","d197aa8fbc64087f61984deef05f6227","SAO JOSE DOS CAMPOS","-23.171341746321207","-45.82053206411217"
"1001","8602a61d680a10a82cceeeda0d99ea3d","SAO PAULO","-23.54929199999999","-46.633559478233785"
"3204","1025f0e2d44d7041d6cf58b6550e0bfa","SAO PAULO","-23.597985520399334","-46.555472787119875"
"1230","1354d51653f645349064725ed204e85e","SAO PAULO","-23.532734734664448","-46.654324449073776"
"14940","951e8cef368f09bb3f3d03c00ca4702c","IBITINGA","-21.75387874779237","-48.83192309279611"
"3461","2e1a7d075abe038c1b2743005fe42ff1","SAO PAULO","-23.569085514570943","-46.52738665237461"
"16208","cd233f8bfa30ebfd651f47ee7d054951","BIRIGUI","-21.244883680727135","-50.32219195367088"
"18047","b452cb0ae35044c4a53179c39f49fb06","SOROCABA","-23.529407521784314","-47.4673714103526"
"3821","ceaec5548eefc6e23e6607c5435102e7","SAO PAULO","-23.49517247515727","-46.50119464071786"
"13160","f19516b9ff26bfeb091b30108db4ddbd","ARTUR NOGUEIRA","-22.559120480675748","-47.16516839542564"
"1320","7d7866a99a8656a42c7ff6352a433410","SAO PAULO","-23.557337937272795","-46.63877749362335"
"9540","8a8835a43bda99fd37310ad76c457510","SAO CAETANO DO SUL","-23.625773999999993","-46.56855299278663"
"3182","e1643dff33666ca629e3644c02738179","SAO PAULO","-23.559519635581964","-46.59033924271452"
"4456","9591fc341b1bfb7ef561e2968ec6e011","SAO PAULO","-23.683264019706836","-46.67979979808413"
"5269","999f6d9a1c7c81f43be44c6b7d076210","SAO PAULO","-23.432639290870778","-46.790124464885494"
"14021","57c764b4a836300be881e2ff86e449f9","RIBEIRAO PRETO","-21.208098499307507","-47.794719661809665"
"3437","d5ba419e26d246a0719437cf37d9b46d","SAO PAULO","-23.559585506520865","-46.5289678447112"
"12570","113e3a788b935f48aad63e1c41dac1bd","APARECIDA","-22.851929577500997","-45.23031074613782"
"18136","7c4618c82226628831613e95e9c22f44","SAO ROQUE","-23.560963304272438","-47.14802654049926"
"6162","6039e27294dc75811c0d8a39069f52c0","OSASCO","-23.55775014393556","-46.808157117993964"
"13140","457fe919b032a3f7dadba6fb92cf7855","PAULINIA","-22.76161176963473","-47.15147246350049"
"14940","d673a59aac7a70d8b01e6902bf090a11","IBITINGA","-21.774867968947085","-48.81954001397983"
"11085","ea00f977a203ff88adf7057cb7806998","SANTOS","-23.93360892117263","-46.34716271579432"
"7194","f46490624488d3ff7ce78613913a7711","GUARULHOS","-23.444148887039063","-46.50655197737896"
"14940","1dc2de47ee26a0a5b12dc14fd6dc0dea","IBITINGA","-21.75355579354766","-48.84118562023449"
"5174","e46bc031f2c5bae4ccb40bb90712e9b4","SAO PAULO","-23.481681401610018","-46.74096265652956"
"13600","778323240ce2830d68aab11794e00bfb","SAO PAULO","-22.35906286886278","-47.3807194132873"
"17604","ab75b89cc49c9ab3160d0c91565a442a","TUPA","-21.942739057367696","-50.52301704823943"
"14940","1dfe5347016252a7884b694d4f10f5c4","IBITINGA","-21.748488135998233","-48.83932259585308"
"14940","d2374cbcbb3ca4ab1086534108cc3ab7","IBITINGA","-21.755649072937853","-48.84143873592475"
"15025","2009a095de2a2a41626f6c6d7722678d","SAO JOSE DO RIO PRETO","-20.80498854877062","-49.39442398757128"
"2992","2d518637f53161b973e01f56ea4bb88e","SAO PAULO","-23.449117442408678","-46.725090815021034"
"14940","4b0fdb526525f9890eb145bf1534640e","IBITINGA","-21.761216196415894","-48.81886983271075"
"4087","1430239a858e7682bbc43b20758af153","SAO PAULO","-23.609026190856948","-46.65965657991232"
"13090","252e76235acb79183cfca6e34f13337d","CAMPINAS","-22.88857483236194","-47.04416083236194"
"18132","94d76e96eedd976258cd3278ce56d5f2","SAO ROQUE","-23.521078528228543","-47.138172429386366"
"3644","28405831a29823802aa22c084cfd0649","SAO PAULO","-23.52611544591716","-46.53507848653255"
"13484","4b9750c8ad28220fe6702d4ecb7c898f","LIMEIRA","-22.541719708891844","-47.427681190013296"
"14940","723cd880edaacdb998898b67c8f9da30","IBITINGA","-21.746812351029405","-48.81704767681433"
"14940","02b72cdeb9cfcc429f1af6f4e3f3b737","IBITINGA","-21.758715978534475","-48.83178180026629"
"15845","6e85dc5ecd97a61094b89b046a509d8e","MARAPOAMA","-21.25596634406299","-49.13125191775373"
"16301","7142540dd4c91e2237acb7e911c4eba2","PENAPOLIS","-21.426570046543283","-50.06791761043272"
"6018","fe49ee029e61e789a1f3a5525f57ba8d","OSASCO","-23.539810690950958","-46.77500420956456"
"14940","e82de6494d91d3c4c54450f59b227a94","IBITINGA","-21.760594962192332","-48.847152167537665"
"4763","38e6dada03429a47197d5d584d793b41","SAO PAULO","-23.669004657222054","-46.71802455259966"
"3407","71593c7413973a1e160057b80d4958f6","SAO PAULO","-23.54354994809283","-46.55013560866177"
"15030","f543ba3c973276f519d89d59bd46cead","SAO JOSE DO RIO PRETO","-20.79075839726487","-49.38146791931792"
"8180","6fd52c528dcb38be2eea044946b811f8","SAO PAULO","-23.48770416180969","-46.41534043450283"
"9751","b8555308bfdb4ca1ed54325a58da9a97","SAO BERNARDO DO CAMPO","-23.693028139881143","-46.54695362280001"
"12942","d2f3e277560ed4c6361284429b00f037","ATIBAIA","-23.120273860118864","-46.56362790244673"
"15054","e2c92f9c1c7746d899d18f2e158bbff7","SAO JOSE DO RIO PRETO","-20.780995319700498","-49.35424790246387"
"2119","f1c1ac3f3efc07e659c035008e615e66","SAO PAULO","-23.513593871775623","-46.59299115736628"
"4461","0be8ff43f22e456b4e0371b2245e4d01","SAO PAULO","-23.69289565500035","-46.68021046531817"
"5059","e70053bf73d1b5863932e53a9fa47496","SAO PAULO","-23.533827411881795","-46.71294325200536"
"5008","bb5bd94c8f59cc050072d2930c869cac","SAO PAULO","-23.530915571469773","-46.680609415488476"
"14940","9ef932e837d8b7f392c0bfee9d359dc2","IBITINGA","-21.745350000000006","-48.8466945"
"14940","602044f2c16190c2c6e45eb35c2e21cb","IBITINGA","-21.760025206919945","-48.815901824857754"
"2737","1b0b0f4f95e962d6f32fe90c759d0479","SAO PAULO","-23.48783178573488","-46.6888785663339"
"4282","dd39ad39b5d3df33037e141c72497ba6","SAO PAULO","-23.608841469328887","-46.60984215375959"
"6807","4eeb99008a0f59d2c7759c59f9a346eb","EMBU DAS ARTES","-23.630417161261416","-46.82669592270185"
"13082","391bbd13b6452244774beff1824006ed","CAMPINAS","-22.829166690333924","-47.09886947241718"
"8223","80cfd480be3eb6d6267139f5cb793555","SAO PAULO","-23.523367358589653","-46.46705568665242"
"14784","700f03c207639c22d933381ff60b35c2","BARRETOS","-20.58223091395927","-48.557197702608335"
"4794","aa1eb17b9fdf6dfd546e25c45c7b9235","SAO PAULO","-23.66336209576426","-46.682048105747576"
"3265","272f092de69afedd4d2969440b37f18f","SAO PAULO","-23.59436349708581","-46.54121411518264"
"13185","b76f4d90e85657a240495c876313adc5","HORTOLANDIA","-22.904356478404523","-47.1755015158131"
"19020","5b85809efd0d0e4dea1a9544e1280ed9","PRESIDENTE PRUDENTE","-22.13651597360134","-51.396204302534905"
"7866","70bf57d811208f8923b41bbd499a67a4","FRANCO DA ROCHA","-23.295096434365906","-46.708240939623"
"15025","1f50f920176fa81dab994f9023523100","SAO JOSE DO RIO PRETO","-20.802436263463758","-49.39562406741489"
"9320","1fbe10c70e30765ed1de86d9f7e98409","MAUA","-23.666369742426067","-46.4423234619713"
"14940","1835b56ce799e6a4dc4eddc053f04066","IBITINGA","-21.755644543497684","-48.83813676682374"
"14530","a2e85714b56b1cb6bb24a9a6e6cad36f","MIGUELOPOLIS","-20.189440990108366","-48.02461316345813"
"14940","4a3ca9315b744ce9f8e9374361493884","IBITINGA","-21.769615332321468","-48.827194480743294"
"9190","ca4b77513ac2040591b0d8fae6958380","SANDO ANDRE","-23.676520440163348","-46.5374047985983"
"9070","41b14765bd56c8ad10971074380f9c0c","SANTO ANDRE","-23.65353825644875","-46.53574535330954"
"6276","695051e2981c8b19e77cafe450d5bdf3","OSASCO","-23.474831167458955","-46.771401353473415"
"6513","5d9dc90a686a8fddacffab6bab5653a3","SANTANA DE PARNAIBA","-23.4577089647196","-46.92195731037905"
"14021","f8e2c1b59cd4225a3e4fd0d013a76b93","RIBEIRAO PRETO","-21.212279161809676","-47.788151762421364"
"14940","7d7d2b7a51328016102d4528c411d630","IBITINGA","-21.751944014993047","-48.8361616099706"
"8810","78ba5933c21686d1c2f64669c8c459e7","MOGI DAS CRUZES","-23.508762038379707","-46.147078442850784"
"14940","5b0cc932433fa5184b5b94bfe6bcc256","IBITINGA","-21.7609062573174","-48.829705287923126"
"1126","fac1a9017ade7bdc94058fc1c969f355","SAO PAULO","-23.52915073382772","-46.64042336234055"
"2050","0936e1837d0c79253456bbb2ffaaef10","SAO PAULO","-23.51654350320264","-46.61056315903973"
"14940","d1c281d3ae149232351cd8c8cc885f0d","IBITINGA","-21.75147214369082","-48.836044495330654"
"18550","7c1fea10b5b006671d608b1d7c446ec4","BOITUVA","-23.279657630556585","-47.6618565754143"
"14940","0176f73cc1195f367f7b32db1e5b3aa8","IBITINGA","-21.765913886237584","-48.83136141893369"
"19400","a64e44665225d19dfc0277eeeaaccc57","SAO PAULO","-21.881549344197193","-51.84621930031394"
"3480","3fac58ce0ad699020c7944d53c41329c","SAO PAULO","-23.576447493479133","-46.50490442200933"
"6144","d71d863e5ef30d94e440c11be17dcd8f","OSASCO","-23.56949384569213","-46.803730375642104"
"6150","f0e103c63864d5405b958d984b6e94c9","OSASCO","-23.581716041873264","-46.81487809720846"
"13632","f09e26011d833ddab11593c1a097a92a","PIRASSUNUNGA","-22.004672533918214","-47.415200409159745"
"14940","f7ccf836d21b2fb1de37564105216cc1","IBITINGA","-21.757984916635824","-48.82677601803449"
"3417","82e0a475a88cc9595229d8029273f045","SAO PAULO","-23.539685940879473","-46.54635608021235"
"2751","c714262700f93defc16bf17a51a4cb23","SAO PAULO","-23.489584790770785","-46.68192027136849"
"3933","4c2b230173bb36f9b240f2b8ac11786e","SAO PAULO","-23.583430697472455","-46.502034244243724"
"5705","c3acdfac4e3e97ff87529454fbc03642","SAO PAULO","-23.625482259507177","-46.7214808148768"
"4142","2a7dc43cecabf23403078e2188437d1d","SAO PAULO","-23.61143141548848","-46.6300445342778"
"9370","270572bb714b00531be85e16e1550f26","MAUA","-23.671560970309837","-46.46933216922553"
"1209","5c6d4016c2a288f074fa0848a2b653d2","SAO PAULO","-23.541048513185963","-46.641848416873444"
"4880","5f5b43b2bffa8656e4bc6efeb13cc649","SAO PAULO","-23.788251","-46.76573024999998"
"6080","2d8cfba3fcd3170555941605edaa196a","OSASCO","-23.544421691355613","-46.78839877935824"
"5008","9599519be538b98748162a2b48248960","SAO PAULO","-23.536409417421716","-46.672184598938244"
"5138","f9ec7093df3a7b346b7bcf7864069ca3","SAO PAULO","-23.485253731057767","-46.73312974854289"
"9280","3b18f9856c6eb2413eafedb58e9eecd9","SANTO ANDRE","-23.63501354177962","-46.50399501887012"
"17514","5f06030071324cc52bf0304014ac7234","MARILIA","-22.188742247875222","-49.93422578806241"
"1421","e627629ba868740e287800f1a9be81c2","SAO PAULO","-23.562331512897508","-46.66120425339033"
"2316","b5f0712d22a873b6797ab6cc65c3fcba","SAO PAULO","-23.462010764197984","-46.594676297003105"
"4123","6eeed17989b0ae47c9f11ece6f38ea90","SAO PAULO","-23.623294751856918","-46.62806929174686"
"6501","c522be04e020c1e7b79f3acff36513d5","SANTANA DE PARNAIBA","-23.440368006116845","-46.92494320760001"
"8223","ea1776927851da2532aa70d6a32c095a","SAO PAULO","-23.5268870605055","-46.47275230974088"
"9070","c1849d4d32d7a6cecd5aa471809d3135","SANTO ANDRE","-23.64485496364474","-46.55397993435859"
"14050","7d13fca15225358621be4086e1eb0964","RIBEIRAO PRETO","-21.17121748495008","-47.81941847157649"
"12942","850913d59ce317156b00f3705f1c3edb","ATIBAIA","-23.110672499999993","-46.533104999999985"
"7052","17adeba047385fb0c67d8e90b4296d21","GUARULHOS","-23.467123540106172","-46.554768775463096"
"13419","f45122a9ab94eb4f3f8953578bc0c560","PIRACICABA","-22.726257875353635","-47.637811389520564"
"9550","9e6967d3cf386d284251784b18ccb485","SAO CAETANO DO SUL","-23.616657471002327","-46.557072922009354"
"12270","fec8cd45395b3cb0c2b173d7739706a1","JAMBEIRO","-23.25658323003718","-45.691743206459414"
"4216","07e8e8fc5222bb358e6f259da3197074","SAO PAULO","-23.59726551843778","-46.6055721090656"
"13140","eb4df17aed01d918c65f0f8d650900c0","PAULINIA","-22.754719593109858","-47.157992125310194"
"17370","bd4ff04377f974574f7f0bf9d6ce7dde","SANTA MARIA DA SERRA","-22.568919796062783","-48.15058521909285"
"3508","d7d517afce974cd491b8d52bb5b5b1fc","SAO PAULO","-23.532711024698507","-46.532969502221704"
"9070","2e0dba2da448400b1c11d7b4b22f32a4","SANTO ANDRE","-23.653211574239744","-46.554463384384675"
"17047","afac9f6b0c4e5f0a7ee87e922cd0f873","BAURU","-22.330904070777287","-49.04722860159262"
"3589","189ca3538ce9f920cacf0f982cbe223b","SAO PAULO","-23.551982748542898","-46.48510296003805"
"13086","7c462184585ae80bd6e5774c62ce50f2","CAMPINAS","-22.838587916757028","-47.05613833995561"
"17290","6614814a00d344b846ae209f95ee7e3f","MACATUBA","-22.50137476856727","-48.707334186318725"
"13561","4be6b962d83299498bae2190f95d6566","SAO CARLOS","-22.014946613653425","-47.901489463788955"
"14940","a3e9a2c700480d9bb01fba070ba80a0e","IBITINGA","-21.76562026005022","-48.82655489735968"
"14940","b8a0adc91af209270c2c725168eb00fd","IBITINGA","-21.75085970968771","-48.83782948751489"
"19806","1976a05ecf2996d6ffb7b5430e635fe7","ASSIS","-22.657282312191057","-50.41657037194679"
"8431","e09887ca8c7bf8a4621ce481820414ef","SAO PAULO","-23.525436666945577","-46.413071696087485"
"7074","7681ef142fd2c19048da7430856b5588","GUARULHOS","-23.457428518177625","-46.56396476894224"
"12944","c611f4ce9ce875bcc063fa97fd4d7d12","ATIBAIA","-23.10083372439267","-46.55334887039065"
"14057","b29d3380981c51df13fc6fbe87e1763d","RIBEIRAO PRETO","-21.135911060505506","-47.83943588412487"
"4058","d4f117125b59ce73c3302f88ee40c458","SAO PAULO","-23.611243044405345","-46.64579071565007"
"11013","7494d0dcba8551df6cf37f1b905dc2f7","SANTOS","-23.935337077442394","-46.330698415488484"
"15025","cc63f0dd2acba93ffed4fe9f8e0321fa","SAO JOSE DO RIO PRETO","-20.807430981871633","-49.39686064490445"
"4761","07bf9669d84d1f11be443a9dd938f698","SAO PAULO","-23.662593167638065","-46.71798316763807"
"3185","d6ab728cf30867cf3f1a2e216ae2f9b7","SAO PAULO","-23.56351781487679","-46.584379697472464"
"4250","28f10b1c5e5abb9d4857745bede6147c","SAO PAULO","-23.61959447821568","-46.60003319608748"
"8180","09883d9ab71c8fe8a9bfc7fc3075b07e","SAO PAULO","-23.485374632312595","-46.413583822503206"
"14940","f7c31656c19db6275a8acadca289f426","IBITINGA","-21.759987331145645","-48.81354815387071"
"18111","fd312b6bf05efac6c3772d5b52205d8a","VOTORANTIM","-23.53756427699231","-47.4346005360668"
"8430","26785a546900236d66f2e4197c211158","SAO PAULO","-23.53253894532287","-46.42331708021234"
"2851","84c945f15571830c1a91a33978e94009","SAO PAULO","-23.458476007213356","-46.6916433949449"
"3543","6ddc28b61be28373b4503a1f61cf98a9","SAO PAULO","-23.534517416583824","-46.51350050508684"
"4180","bf3c6d2a28b2b5501e6c15448982dcc9","SAO PAULO","-23.63697817262972","-46.597344244243736"
"4164","00ab3eff1b5192e5f1a63bcecfee11c8","SAO PAULO","-23.623437300305838","-46.608773657510504"
"4243","39d54ff918774174706fb065d7f9dc07","SAO PAULO","-23.626269","-46.586534475522996"
"13930","cf2384dd2f1dddea3f838efed0945e65","SERRA NEGRA","-22.609933668815927","-46.70209318847618"
"19020","fe1b067411b8c5066e962aa146ccee03","PRESIDENTE PRUDENTE","-22.11542601839502","-51.38459355727485"
"2839","6a8a889bde935bafa76d7848782dfaf9","SAO PAULO","-23.47666615958798","-46.68147008895491"
"4154","964ff64dc05b13811c6d0f41e0aa5f6b","SAO PAULO","-23.62533942270183","-46.620217487650756"
"12051","9e25199f6ef7e7c347120ff175652c3b","TAUBATE","-23.0160027253675","-45.582021391675994"
"15025","910a922b426b7ff95eaee129ad6c0e1f","SAO JOSE DO RIO PRETO","-20.816686578378","-49.39492494796845"
"17300","52092ddbd3a58c450a4459bf051b2287","DOIS CORREGOS","-22.371028644611588","-48.38528974062769"
"2258","e0a366315b1b726b6c7832d664c0f530","SAO PAULO","-23.47623536441803","-46.58210664723873"
"14940","7ad32824caee82087b3e2e5f33b1bf32","IBITINGA","-21.758386762044307","-48.826435165484405"
"4255","cb0b3bcf14e0a709df412a99424a59d7","SAO PAULO","-23.623587681372296","-46.59150604163539"
"9020","058fd0aa2bfdb2274e05e1ae971dabb6","SANTO ANDRE","-23.66033225007211","-46.52820295475792"
"14940","dc4a0fc896dc34b0d5bfec8438291c80","IBITINGA","-21.753506623664894","-48.84314469799652"
"5201","7c5b05cbdb5542049f38d90d7815b97d","SAO PAULO","-23.512398244791992","-46.4077896135092"
"3343","3dfd3dc96f7f8598eca74e9ac8a2fa31","SAO PAULO","-23.559908584511522","-46.56932063336026"
"14940","3d3ccf2b2f8134b10dce9dd446f0e075","IBITINGA","-21.752014489691746","-48.8391193720703"
"3461","53336f97ddbe53e2a617d07b17447b95","SAO PAULO","-23.572103418316626","-46.523499169561774"
"6853","3f995f07c49d0d55a99d5c54957f7d81","ITAPECERICA DA SERRA","-23.68913659838998","-46.85084778934157"
"13090","10264f60a8f0a4d2f30810f5c661c673","CAMPINAS","-22.88835559930826","-47.0376225"
"3031","3d8fa2f5b647373c8620330c4e077a9f","SAO PAULO","-23.52851381848348","-46.61947213725541"
"3551","cb9fb4ca75d7ba8437480e8dde64fe98","SAO PAULO","-23.53469148542905","-46.50138317485142"
"13042","6524b847b982cd56bb5d4b02b776ee42","CAMPINAS","-22.931095563908826","-47.05470585586861"
"1039","2d34636518ba88f5349b732fcf8ba2e4","SAO PAULO","-23.541883009983316","-46.63991946670314"
"9750","f419677537694f0462a91990df6ca44f","SAO BERNARDO DO CAMPO","-23.688917125468194","-46.552552123595405"
"9911","180c3376aff0e43dd5788709df48a843","SAO PAULO","-23.691369029140542","-46.60741867158489"
"3031","49cdc90518a4f82676b38b3c1aa43ff6","SAO PAULO","-23.52833381848348","-46.61941011172019"
"4273","f27e33c6d29b5138fa9967bcd445b6d5","SAO PAULO","-23.612052666446743","-46.60783466642034"
"3168","134a288e7de827ec5ec62e3ec9c3a295","SAO PAULO","-23.556360816149585","-46.59062464472048"
"3526","bd65d163ded559eb90a10cd09fec178f","SAO PAULO","-23.551281670552257","-46.49897223258696"
"2112","4deebb3199eeafb282ae33229144f94b","SAO PAULO","-23.512668178041054","-46.58665534166385"
"4156","f7496d659ca9fdaf323c0aae84176632","SAO PAULO","-23.63029446211553","-46.62350029239998"
"7133","c826c40d7b19f62a09e2d7c5e7295ee2","GUARULHOS","-23.44007914793122","-46.51144923980033"
"16072","ea846a0e7ad98a741783e886d89dfa44","ARACATUBA","-21.204108401787465","-50.45286394468003"
"3319","ff4e2d38692ce827b1a4f4b8196e680d","SAO PAULO","-23.543870857060433","-46.55735807729814"
"13505","6e1862e15f33d9994bc25922a85e1efc","RIO CLARO","-22.392256145058422","-47.55944968375016"
"14940","0f519b0d2e5eb2227c93dd25038bfc01","IBITINGA","-21.763271876799788","-48.84381215323719"
"5615","446cc09cdbb130904da114e807dbec40","SAO PAULO","-23.587321998326566","-46.716914657626084"
"13870","bbe87dce25ba8b38bb61cc7210a3f10b","SAO JOAO DA BOA VISTA","-21.97841480270819","-46.79561480625737"
"14940","cca3071e3e9bb7d12640c9fbe2301306","IBITINGA","-21.75492473119379","-48.84352338716271"
"4821","dadc51ef321949ec9a3ab25cd902e23d","SAO PAULO","-23.724238064948914","-46.687786616711854"
"14027","6601ee6383e7f452be71929f8de48bbb","RIBEIRAO PRETP","-21.224269886202343","-47.83392543796527"
"13160","c794dab4928dd97beb41d05514441e86","ARTUR NOGUEIRA","-22.551329842182508","-47.16833434090809"
"5468","1b8b75e227c9a9c100d0c210fb6176ce","SAO PAULO","-23.539167062727213","-46.71731556994055"
"7013","5b07547f10dd980738a1a27f685af669","GUARULHOS","-23.47058431779098","-46.523297545934554"
"14940","3b15288545f8928d3e65a8f949a28291","IBITINGA","-21.762924782300235","-48.82983668879448"
"3168","0b09101900100c0e9d312861fad5a1b9","SAO PAULO","-23.555536365254746","-46.591608394396665"
"5108","c3ee2331a724e6fc02c4b698b57a73f3","SAO PAULO","-23.50729011019097","-46.75750702914189"
"13457","30a2f535bb48308f991d0b9ad4a8c4bb","SANTA BARBARA D'OESTE","-22.768743804807226","-47.395682479228896"
"7180","bce6a5ecf98e99fd2a8868b15c51f04b","GUARULHOS","-23.453117689957654","-46.4744416242606"
"13327","d6b1ce66b035a475f00c017792ff9769","SALTO","-23.175880576172975","-47.31592004954123"
"6018","85044848b1b767db2a4a58526adef4b4","OSASCO","-23.54418704079866","-46.773410285186635"
"11013","5011f0d93373a4c5753adf58ca77af8d","SANTOS","-23.933071987144555","-46.32396741794616"
"13160","d65f31d2413268e671989503f6cf9993","ARTUR NOGUEIRA","-22.569058664995776","-47.16888268661628"
"13041","7ecef8194babfec876ca720714327841","CAMPINAS","-22.917053295025724","-47.061757854838746"
"6713","d650b663c3b5f6fb392b6326366efa9a","COTIA","-23.615928708516527","-46.84997839900814"
"8223","95b293867b5862941c9cd74f756a3c68","SAO PAULO","-23.532249510675808","-46.47079316472386"
"9510","3606774ec64634822d78dc2db6d37045","SAO CAETANO DO SUL","-23.614964413266776","-46.572531448929546"
"14940","3b872fd4747f01cc56206f2934198618","IBITINGA","-21.75011454870615","-48.836066687358375"
"14940","bcc9dd23e2a8bd8267cf92b19304a1b9","IBITINGA","-21.757803591517376","-48.83330106560003"
"13930","715bbd5ba4e6b74cb0d2f29eb45058b0","SERRA NEGRA","-22.62234374770618","-46.71223521648682"
"4142","941554c5757b73ba0e50aa7732310afc","SAO PAULO","-23.611654194010004","-46.63258761587511"
"4193","d149de2f383552baea37a7198c2296ce","SAO PAULO","-23.647920569248072","-46.60845362378099"
"14940","9d213f303afae4983637247556438ede","IBITINGA","-21.75524479075873","-48.83671114359984"
"14940","ea67327e24487bdfac5fbfa37ea124df","IBITINGA","-21.75455094521233","-48.824656521925"
"19830","52f9db5cfb423382a2fa5c9e39303202","ECHAPORA","-22.430991272359538","-50.206962250390575"
"18200","533d46c1b06970e99f09523a61df4972","ITAPETININGA","-23.587964350055913","-48.050515104990346"
"7183","7ff588a03c2aeae4fbd23f9ae64b760d","GUARULHOS","-23.445490107132557","-46.458275615875124"
"7052","0b0ddbc7b9d9584f442c7ac92b0ff6c9","GUARULHOS","-23.475757725229386","-46.553942771163946"
"4087","2b5ed0c9139dae8883a200dfcb272ece","SAO PAULO","-23.612622768798005","-46.66316442881868"
"5522","a5ff20ff766e7f50bd5066f33da14413","SAO PAULO","-23.591530822926867","-46.736187469473116"
"9190","d4910f1cdcfdabd48d6b316e395d4a23","SANTO ANDRE","-23.66875959201334","-46.53653409354255"
"14050","cd68562d3f44870c08922d380acae552","RIBEIRAO PRETO","-21.17070226113826","-47.81391542675223"
"18200","d36b07fd3c5088e477a72d1fccfe29d4","ITAPETININGA","-23.590225802690696","-48.04574152229878"
"3126","db4350fd57ae30082dec7acbaacc17f9","SAO PAULO","-23.58067325143878","-46.591568341608856"
"11013","9b1f656ca3060f8af17a50d8a024b533","SANTOS","-23.93304734722135","-46.32555732001267"
"13905","83a75eea11694e36e56dd0cb2240229a","AMPARO","-22.712172829880434","-46.78936475062037"
"8550","259f7b5e6e482c230e5bfaa670b6bb8f","POA","-23.522975748542905","-46.33702048557326"
"8111","edb65fe661681b1c0de8bd47c8655855","SAO PAULO","-23.49788624202203","-46.37201669248079"
"14940","26e2c91ef821e1ff8985f408788fe35b","IBITINGA","-21.745928592626623","-48.818086597119034"
"14940","53d00c40e32aeb924a84ce72b1af869d","IBITINGA","-21.764754","-48.823177499999986"
"14940","1900267e848ceeba8fa32d80c1a5f5a8","IBITINGA","-21.751288094528853","-48.83865457061686"
"14940","640e21a7d01df7614a3b4923e990d40c","IBITINGA","-21.768420123092817","-48.83644147262828"
"2372","ace601496e211a664100321f038f50af","SAO PAULO","-23.45903597238433","-46.623704148839465"
"13660","4e42581f08e8cfc7c090f930bac4552a","PORTOFERREIRA","-21.86094380796581","-47.4838990455959"
"13660","babcc0ab201e4c60188427cae51a5b8b","PORTO FERREIRA","-21.859229066867883","-47.454532571558865"
"4283","b9de031b671cd48b28fae9d828cbf2b4","SAO PAULO","-23.613269060505502","-46.60529227116393"
"13205","0a85ebe4e328db81ac9109781205e2f7","JUNDIAI","-23.249726298084145","-46.85297986568742"
"3064","139157dd4daa45c25b0807ffff348363","SAO PAULO","-23.530940192076763","-46.55746126879801"
"8752","2c9e548be18521d1c43cde1c582c6de8","MOGI DAS CRUZES","-23.55181509819601","-46.26099975815417"
"18131","8d899e15a5925f097cca50faa49b15e3","SAO ROQUE","-23.535956535662766","-47.15636480737498"
"9560","2a73cba571d90c694b7caca072ccf6ce","SAO CAETANO DO SUL","-23.62995075035213","-46.55251994719388"
"13920","119d1aef1b4144adba89163f6cd9f5d4","PEDREIRA","-22.71584625321448","-46.893285968875894"
"2028","4371b634e0efc0e22b09b52907d9d469","SAO PAULO","-23.50751845268047","-46.6174707485429"
"1408","5721089ba9214e80074f27d5a03fc0eb","SAO PAULO","-23.569438714409333","-46.66342129141903"
"3237","b76dba6c951ab00dc4edf0a1aa88037e","SAO PAULO","-23.59539756425642","-46.55163738273989"
"9572","7e79d65b5c6f1f544b7daea036acf720","SAO CAETANO DO SUL","-23.6436479625422","-46.56386065319333"
"9891","1660ad786c27fd935378b6192a90b417","SAO BERNARDO DO CAMPO","-23.687603634456785","-46.568897601996674"
"8215","9b00ed88b7fdb95d6ff76e27c1b52d16","SAO PAULO","-23.540528873621362","-46.44848419206763"
"1319","921323538c9f1c4e816f2720eac02bea","SAO PAULO","-23.55156260866176","-46.64021297307979"
"4516","538caafddff204241cecbf3a02e6b3cf","SAO PAULO","-23.606631660280478","-46.66806552178432"
"8020","4e326052e5dbba8adcd512f3450a307e","SAO PAULO","-23.50663459838998","-46.442126210658415"
"3521","c161d1327ebc3a156c09582ab2f59f6c","SAO PAULO","-23.548877507357595","-46.51772421495759"
"4708","1bb3812d5f0747a3ab7348f199001a10","SAO PAULO","-23.62880268351412","-46.691237434291864"
"12308","caa9bc43a9fe8cf9c564ddd8a03cc4a6","JACAREI","-23.30139631473257","-45.96172658840667"
"13660","23613d49c3ac2bd302259e55c06c050c","PORTO FERREIRA","-21.85734338702371","-47.48243298547838"
"2820","2e7ea2aafec5835e781b21d6d1faf1f1","SAO PAULO","-23.445022995005953","-46.70898743370049"
"13660","f88adb15807168d3c43d71021090ce4a","PORTO FERREIRA","-21.858555070695946","-47.48403458197557"
"18682","889009a0ed0bb52c87819941192931b8","LENCOIS PAULISTA","-22.60405058635247","-48.795055606488425"
"2274","ba143b05f0110f0dc71ad71b4466ce92","SAO PAULO","-23.46824404524207","-46.585030834727874"
"2710","5d043cd5512d4bd2f88e5ccdd5736c38","SAO PAULO","-23.507516881210677","-46.67373228420568"
"4275","c2d70ce2c5d0a2eb75e78668236e6dc8","SAO PAULO","-23.593755572854764","-46.61713462101102"
"18185","f61c63d13f7cd800549d5acdd390ae72","PILAR DO SUL","-23.821237436073826","-47.71739093523898"
"4705","e546117ed9cafbc40239c0c78635c584","SAO PAULO","-23.621126658607036","-46.69541190660167"
"11440","4e6015589b781adaa5ce7f1892d06bb1","GUARUJA","-23.98788982791853","-46.24777699362336"
"3106","2745f798279e0ed033addcc1474776d7","SAO PAULO","-23.55770667499565","-46.61476439993657"
"4708","a1ed30492b3b798bc121845bc4aa7366","SAO PAULO","-23.62923449486411","-46.69261399056494"
"6341","4c498c7345e89aebad651544829beca0","CARAPICUIBA","-23.57241932843741","-46.81653106742156"
"13920","febab0275244b9a49a623f0bd613ca2f","PEDREIRA","-22.740678596144093","-46.894453832800636"
"15810","11742f81550ac064cc9a40f67151d9ad","CATANDUVA","-21.162702972351784","-48.97639517069088"
"3064","eb9cd5b35d95206585e2185318cb5c61","SAO PAULO","-23.535115354434705","-46.581469208436715"
"13212","63191ead8d3b2f937cd1996fdcbbad20","JUNDIAI","-23.151712385018914","-46.97128780668247"
"16304","34056b8b55c1775a22af2331670a799c","PENAPOLIS","-21.435836710407333","-50.077086297653516"
"9210","e174dc2de86d60fee178170a154c05e7","SANTO ANDRE","-23.637285303364266","-46.519363822926856"
"13920","bc30de0d71bd6260b936a026b5cf7200","PEDREIRA","-22.73214760195457","-46.891006260402925"
"14026","4cc43a222a0f94910728b62b97a8c5f8","RIBEIRAO PRETO","-21.216210904524203","-47.81828973980032"
"14750","c8665a4dd081a2c436b1cd921079d0d9","PITANGUEIRAS","-21.010986295708047","-48.20869881125268"
"1042","b6c6854d4d92a5f6f46be8869da3fa1a","SAO PAULO","-23.544873598101518","-46.64030309449483"
"11040","6ec1a01e866584bb679eb9b098345919","SANTOS","-23.97025376741302","-46.31830300014421"
"3550","3969863bb8af7f72580b3b1ffd3a17b3","SAO PAULO","-23.53056214071786","-46.50599515084539"
"13033","343e716476e3748b069f980efbaa294e","CAMPINAS","-22.907859936898383","-47.096413915921985"
"13506","cb32766839f443db85c82a43c4a6c19e","RIO CLARO","-22.386432677217346","-47.54948279626647"
"18681","0f80a40c312b2472dca482cf50f5186f","LENCOIS PAULISTA","-22.599210255912592","-48.78100453457151"
"13660","ec4608a1f76453166bb312b2968aeaf4","PORTO FERREIRA","-21.86318693332105","-47.49026195422676"
"18131","0b1ca3ef18a63d7eb0c8897fa0849c08","SAO ROQUE","-23.525329412063332","-47.149089856914934"
"18090","6e4a902d1054e4e17aa6eab87fac1c75","SOROCABA","-23.474158480273633","-47.4550642451937"
"19025","2ee0a0689f2f6a72f35a7cb6033f6e7e","PRESIDENTE PRUDENTE","-22.097091467943912","-51.40592221051419"
"6132","3a734b715d333a2588a3d54a0c9b8746","OSASCO","-23.56252661032884","-46.798323745055754"
"5181","834f8533b2ecb6598dd004ff3de7203a","SAO PAULO","-23.45543839716661","-46.743492581481746"
"7077","72c5da29406b4234927b81855e7b64f6","GUARULHOS","-23.435684748542897","-46.552780058283815"
"13033","27a56ff04b34c2ba34ce6ba4d3b9d616","CAMPINAS","-22.908292093622787","-47.09417761615002"
"13043","58b98ccb79873e04eac4357cacc590d9","CAMPINAS","-22.93630784881135","-47.039842334386734"
"3303","2646baaf662d4d92ac48f047e35db92d","SAO PAULO","-23.545741270669254","-46.5926468408794"
"2955","b561927807645834b59ef0d16ba55a24","SAO PAULO","-23.468440512490595","-46.72068807496815"
"5126","5f1dc28029d2c244352a68107ec2b542","SAO PAULO","-23.50126797890817","-46.739648000836716"
"13253","ec8879960bd2221d5c32f8e12f7da711","ITATIBA","-22.993820438600167","-46.81014454759541"
"1023","82921991ff5b557b045605b8bbf08d49","SAO PAULO","-23.541849922557606","-46.6313376895666"
"3820","ec933281fb017b5020d06df29c3f77e8","SAO PAULO","-23.49360109019567","-46.50247661157595"
"9170","693660429f9dc4ff704eb3d88dad54d7","SANTO ANDRE","-23.674454445015115","-46.50700299500791"
"3565","17eea220a40cc0d2c0c5346379682398","SAO PAULO","-23.536157615875126","-46.49417032944774"
"13503","79ed755314cfe6df0daef2c6cd3022cd","RIO CLARO","-22.402557666716326","-47.57528148492521"
"14405","167fd940acebc789debd6eb418c46e38","FRANCA","-20.536209999999983","-47.407779999999946"
"12952","5d0363b33554b373851fc1622e4d5f3c","ATIBAIA","-23.14492333670709","-46.539830386938746"
"13043","59bbc819b99a733f02f0d6b49d1c253d","CAMPINAS","-22.928951250080626","-47.044806425163806"
"13660","2a261b5b644fa05f4f2700eb93544f2c","PORTO FERREIRA","-21.852776753245333","-47.48281810185144"
"6341","e51f22821f0c12a16ad5c020cdcd55e9","CARAPICUIBA","-23.575045637726323","-46.81892162773324"
"6753","80146bc52c4f6af5239b23de2a20262b","TABOAO DA SERRA","-23.604354125454414","-46.75198912308847"
"8021","c113b8df1fc375bc3d73d29c1b1144d1","SAO PAULO","-23.502803731057767","-46.43356278420567"
"5782","65a7c0788e4d632ccb5e1b594b87f0bb","SAO PAULO","-23.652801714124177","-46.7682836429379"
"6420","2c3d56f92f360fb89d849b84e8f50eae","BARUERI","-23.507324736473898","-46.88916151453831"
"13212","63704069d9bd3a75c1cf59babe56004a","JUNDIAI","-23.191065495455117","-46.96317786960707"
"13570","88cf19ec1fc2c58f161aee259d57142c","SAO CARLOS","-22.0342272850424","-47.880794881210676"
"13660","20611af7866c6068fd5ae1f9dbe15c92","PORTO FERREIRA","-21.856220999999998","-47.47269825000001"
"14400","6c17baf138731a4aaacc3210adf2037b","FRANCA","-20.5317070897318","-47.40043846268641"
"7094","688756f717c462a206ad854c5027a64a","GUARULHOS","-23.45088569608748","-46.54498377407813"
"8541","0885aaf116795758dfeb5f1032487bcd","FERRAZ DE VASCONCELOS","-23.52145430890418","-46.374565882595654"
"15155","265fdc289dffa9f1ad801c74f7d0de47","JACI","-20.888352000000005","-49.57250625000001"
"15804","01c97ebb5cdac52891c0ed1c37ba0012","CATANDUVA","-21.115824844597675","-48.97245537912351"
"3063","f783a638e9c6af4a7d0dbfde811e7a81","SAO PAULO","-23.530453669715538","-46.55620020996593"
"13920","53e4c6e0f4312d4d2107a8c9cddf45cd","PEDREIRA","-22.713985616844237","-46.89430509827134"
"3009","e9b6c33b71b67737693b4cfa68341c8d","SAO PAULO","-23.536600554532892","-46.619901199001674"
"13310","2ba91c7ad80ff88b23b7db823b43c233","ITU","-23.27791979536116","-47.29777730942436"
"15155","8a207b6080964f3c1fc9d35bd6096ba4","JACI","-20.880314014067338","-49.56991875672889"
"2562","9e7c5f4d7770eab65738cca38f9efccf","SAO PAULO","-23.48576555759132","-46.673949415488465"
"4705","32f1bb9dfa65bc7df5c0d9d95a616be4","SAO PAULO","-23.620325102140885","-46.69574454051019"
"12327","70a12e78e608ac31179aea7f8422044b","JACAREI","-23.30432178573488","-45.97717112378096"
"17520","38f276ca6e7cc95a6d1bb55ac9e5550f","MARILIA","-22.234114362196326","-49.9262898871833"
"17030","eec3469d83e142f9a104886655338c37","BAURU","-22.32799872661436","-49.04464129765144"
"3564","f262cbc1c910c83959f849465454ddd3","SAO PAULO","-23.53321650340715","-46.50046729003948"
"4735","7d81e74a4755b552267cd5e081563028","SAO PAULO","-23.65023919539498","-46.7026082396561"
"14400","99eaacc9e6046db1c82b163c5f84869f","FRANCA","-20.53193450696372","-47.399446711253766"
"15155","2d9e8987a2ea5cf88dce330249043ff1","JACI","-20.88646035248542","-49.570977455316076"
"15805","9a03a4e9eb0b947652fae4f6121a3f5e","CATANDUVA","-21.124300389953248","-48.966285122395995"
"12327","3d62f86afa7c73be2628a3be1423f5a0","JACAREI","-23.299553439666305","-45.9668671876339"
"19802","c447f8dd3ed213f291d65ef074a268eb","ASSIS","-22.66968006093573","-50.43328802800281"
"9720","f5a590cf36251cf1162ea35bef76fe84","SAO BERNARDO DO CAMPO","-23.71822274916581","-46.553587584586225"
"1129","52f0fe436a347ddad7ed5f9aa4e27eaa","SAO PAULO","-23.5259237463212","-46.642131776011375"
"6290","9da15f4a4ea758d9eeb49000dbe57e22","OSASCO","-23.5186892031566","-46.77405856691081"
"1023","f049a72cf58fd31b11f8919cade515e7","SAO PAULO","-23.542602956979636","-46.630942836257084"
"5051","41958cbd3335433c8740300e8cd600d5","SAO PAULO","-23.528231304114563","-46.697336271317226"
"14078","bd15ee794d5e640d9dd71b665b2ab15b","RIBEIRAO PRETO","-21.135783490049025","-47.7667825048123"
"9720","5160d23075764e18e07c1f4a87fad743","SAO BERNARDO DO CAMPO","-23.71933860892157","-46.551747934358595"
"13150","04aa0a1c5ce6b222003403a3e11c3cc0","COSMOPOLIS","-22.630409321010433","-47.20184824565054"
"13848","e1bed63d68ac36fe1f3061befe196af5","MOGI GUACU","-22.331248866205634","-46.9225796260173"
"13272","134b867a0f7f8bbe6abf10f91874891e","VALINHOS","-22.952944573453752","-47.01365633737282"
"15802","f09b760d23495ac9a7e00d29b769007c","CATANDUVA","-21.14213135587665","-48.98902201177769"
"13272","7f35f9daf223da737b78738fbae4d977","VALINHOS","-22.94509412337182","-46.99793671529901"
"16304","1b938a7ec6ac5061a66a3766e0e75f90","PENAPOLIS","-21.442124375537592","-50.073514089656584"
"13790","6a3139c7bf09ece22a4713d956acbe5e","SAO SEBASTIAO DA GRAMA/SP","-21.709634431877642","-46.8211988409707"
"14840","4869f7a5dfa277a7dca6462dcf3b52b2","GUARIBA","-21.36235769739203","-48.232975701561735"
"1257","1bb2bdb95f4841f1bba2c0d2cd83d3c9","SAO PAULO","-23.545072173466437","-46.68438057799065"
"3322","099095b050cfe8eb1ddff5317587e96e","SAO PAULO","-23.549660117981258","-46.57027590146579"
"13272","4dc646b9b9e8e411ef48ba000ea3ac6f","VALINHOS","-22.954621179285944","-47.0102220951899"
"6036","08061dc0fc165ed41288cc7acde738ee","OSASCO","-23.559508137402258","-46.77587275540442"
"4362","bb135baca94c82fcb731335ad5b04a03","SAO PAULO","-23.64645316564389","-46.66995830987091"
"3872","891071be6ba827b591264c90c2ae8a63","SAO PAULO","-23.512534016725276","-46.501049539944844"
"13211","244b04680fdbded0acf5aebd9c92b44a","JUNDIAI","-23.179889672043977","-46.928510109318665"
"9560","df91910b6a03bb2e3358fa6a35e32f6f","SAO PAULO","-23.62983908742571","-46.55387481043338"
"13920","13e85aac53340018b40c2af68001b7e0","PEDREIRA","-22.73747302311109","-46.905260476888884"
"5729","aba1721a889e04decc910aa13b768ef4","SAO PAULO","-23.63329280322003","-46.73784151540766"
"17512","08d2d642cf72b622b14dde1d2f5eb2f5","MARILIA","-22.16252753919652","-49.963101260036794"
"3178","cfe94489ddd337d1e29e12f2a7205d10","SAO PAULO","-23.55533602470491","-46.58686899870604"
"13660","0dfbed20065e425d2eaefb101f9816c0","PORTO FERREIRA","-21.863237578476472","-47.48278557799468"
"9633","b8114f2f589a6804810f04f99b36b498","SAO BERNARDO DO CAMPO","-23.654997981877287","-46.56934699284744"
"13043","6061155addc1e54b4cfb51c1c2a32ad8","CAMPINAS","-22.933200411915568","-47.04106490766075"
"3311","5236605f4d4b0b3e4df85b850393fca0","SAO PAULO","-23.540988782128203","-46.56475255635056"
"3872","f214d28e8d8e3ef068748498ccc2f813","SAO PAULO","-23.512538179294822","-46.501081124617684"
"4696","270297ead4c65a6cd2593960d2af6b21","SAO PAULO","-23.66897161033521","-46.702511553580614"
"11015","13f57c12a00ed4610db646b913a7f5c6","SANTOS","-23.948228210658428","-46.32361307992388"
"13503","101a3a003516bc11253298b2fad3cb65","RIO CLARO","-22.404280214539906","-47.57843446971193"
"3275","65febd49fd28ec955651299159b1f527","SAO PAULO","-23.576993758814687","-46.552374451007026"
"3550","d9442042130b7fe579d1295f9f4a248f","SAO PAULO","-23.533890768249744","-46.50874104662705"
"9210","d13e50eaa47b4cbe9eb81465865d8cfc","SANTO ANDRE","-23.635214612268438","-46.529702025535215"
"7024","5275ca25d0358ca73864e0ae41be1320","GUARULHOS","-23.471140526227714","-46.545920847769615"
"3731","2ea0861cc19e94cad86438c984c52da4","SAO PAULO","-23.509755995556596","-46.53370401887012"
"13506","7f40d06aa0b5f1aa4f41af8c0480e2ef","RIO CLARO","-22.412791063943082","-47.55498970959049"
"5528","d9e8c084b68fe958861d8f2c21202e6b","SAO PAULO","-23.593395634841325","-46.757875363396"
"13490","45c20d94d9171b0bcfab3c955e47d67b","CORDEIROPOLIS","-22.47209221623169","-47.459789454545096"
"6409","e83e93b71371817b11d78a63ff156aee","BARUERI","-23.491756697843805","-46.89634269921673"
"14093","b3e2faf2c1004d674f16a3aa3197f0e1","RIBEIRAO PRETO","-21.188237520138365","-47.75564477528397"
"3553","bec568278124768c474ee90971ca94d1","SAO PAULO","-23.53310847016561","-46.50637207660568"
"2016","7b07b3c7487f0ea825fc6df75abd658b","SAO PAULO","-23.50097763469062","-46.62712333406575"
"15805","3296662b1331dea51e744505065ae889","CATANDUVA","-21.127277252293812","-48.96558623910783"
"3077","0bb27263628258b8111a0262769fa9db","SAO PAULO","-23.52926356396796","-46.577290279358245"
"4801","b19c48688808720822399ffa9f2dbe2f","SAO PAULO","-23.71332362170351","-46.69851377797326"
"13920","fa7ad8ae9bcb2c4493fdf38e96b1d74f","PEDREIRA","-22.73824150585765","-46.895858577758595"
"14078","24a6daf925d9d591870a66660416de31","ROBEIRAO PRETO","-21.141976955046395","-47.76700968304572"
"17280","10ff823eda2b032e2c93d17a7d294736","PEDERNEIRAS","-22.3308507978399","-48.80069173298912"
"3804","3c7c4a49ec3c6550809089c6a2ca9370","SAO PAULO","-23.502680130446084","-46.483037533585296"
"15155","50bf89f1349bc0409a268c3a49678009","JACI","-20.889600826708687","-49.57165655226015"
"15500","9da1ca0bef29ee170e541927a5aeabdc","VOTUPORANGA","-20.42166389708112","-49.96336392178048"
"13660","f5f2ab9bdb6b30c14c61be68c5ed37da","PORTO FERREIRA","-21.858024109469415","-47.45089890951482"
"2544","7adbd3210a7b3cc2235e225eef33574d","SAO PAULO","-23.49027291257428","-46.660721459057115"
"13165","e3a386fc36e22064434e1fa256f6a9fa","ENGENHEIRO COELHO","-22.487091860243755","-47.21575974696741"
"3384","92c8bc6e8f925792247656fed09aad65","SAO PAULO","-23.578842530671118","-46.52280151387845"
"14405","002100f778ceb8431b7a1020ff7ab48f","FRANCA","-20.506793628480604","-47.40773763671002"
"17210","66dc1b1632bd6a3e508510c5b3492107","JAU","-22.29164124459334","-48.54989181391441"
"1547","0bf0150d5b9d60d9cd2906003332f085","SAO PAULO","-23.582023554532892","-46.62322245045877"
"5051","6c1b6d0c604b776f844125f911eb7377","SAO PAULO","-23.52707749624909","-46.696482"
"19025","6c7d50c24b3ccd2fd83b44d8bb34e073","PRESIDENTE PRUDENTE","-22.09785593377639","-51.40156940368525"
"13912","994f04b3718c2bab35c2adfa8afecd2a","JAGUARIUNA","-22.68805598473656","-46.98525572799933"
"4378","6d66611d7c44cc30ce351abc49a68421","SAO PAULO","-23.646246311207523","-46.663498688368854"
"4360","9fbd5666d8618fa571c4230fafa09bd6","SAO PAULO","-23.640661864187017","-46.66321322368121"
"8215","4978a02ea9c8be7a9b5480680f40334e","SAO PAULO","-23.536581925616023","-46.44629701901436"
"12327","4e922959ae960d389249c378d1c939f5","JACAREI","-23.298185959563558","-45.974828011182304"
"3178","528bcf6680c36dddf07620bd35b33a6f","SAO PAULO","-23.554243247013694","-46.584472683593994"
"6455","a36ac007a4d18f865c8d32c3b2402c2d","BARUERI","-23.50247657869377","-46.85563438418507"
"9560","d97df38225e5abadaff1e72cb72b823c","SAO CAETANO DO SUL","-23.626053031363607","-46.554888478215695"
"1224","bf00385a5f7fc1ef39a13c2e9ee50a5f","SAO PAULO","-23.541718547319537","-46.64883066180968"
"4815","376d67b61dce0c990155286e7ae486a4","SAO PAULO","-23.70689244546711","-46.69166124271453"
"6453","525e75a6fb1454a2325ab1734bcec221","BARUERI","-23.496512330315728","-46.85319907277732"
"1040","784ba75dd9d20200c4caed3d7a77141a","SAO PAULO","-23.540316757429707","-46.63735536871719"
"3804","a154d7316f158bb42e6fa18bbe3afd3a","SAO PAULO","-23.50271592062436","-46.48299647362806"
"1239","04e38a233f726ef161074ab1c9b0399a","SAO PAULO","-23.548781693029053","-46.65745981155857"
"6341","43f8c9950d11ecd03a0304a49e010da6","CARAPICUIBA","-23.57547088782132","-46.81931299612122"
"11015","b76a1f8356322f12529c37b67d5c96c2","SANTOS","-23.95142489731085","-46.32380032321532"
"12209","a20d8058c866dbaeca014d2cd20ac62e","SAO JOSE DOS CAMPOS","-23.178732139332883","-45.88971125520799"
"3165","feb793c88d836c3a75efa4b5a3465d70","SAO PAULO","-23.561902561746255","-46.58015179808413"
"18270","7178e1eaa97257d8b6d4b80efd77a025","TATUI","-23.3512888921318","-47.844533893650215"
"11015","ed8cb7b190ceb6067227478e48cf8dde","SANTOS","-23.959748294477464","-46.31359166374292"
"1511","7d76b645482be4a332374e8223836592","SAO PAULO","-23.555682314184306","-46.63309991286275"
"13901","7139dc5186aa238b006e066d8fbab2e4","AMPARO","-22.70252137385309","-46.7762559461596"
"13211","a1544b9ea0b2390e020537d4daa89049","JUNDIAI","-23.173011027232732","-46.924197394670244"
"9560","20b54c376b794ed028df09a3cd88e8dc","SAO CAETANO DO SUL","-23.63539533527613","-46.55403444754458"
"4213","76ea5315acb3f5f7ade3cd261faf922a","SAO PAULO","-23.59312204848402","-46.60717255913425"
"9561","a4fc6eadaff1576af888509a53420f6a","SAO CAETANO DO SUL","-23.635420040798664","-46.557697421316846"
"15813","458c6fa920810ce2492da71bc26d9eec","CATANDUVA","-21.120223443818773","-49.03876045243031"
"4131","d566c37fa119d5e66c4e9052e83ee4ea","SAO PAULO","-23.606693968088138","-46.616987776299815"
"12308","8648b1e89e9b349e32d3741b30ec737e","JACAREI","-23.30441669969416","-45.965922951843744"
"12215","9646c3513289980f17226a2fc4720dbd","SAO JOSE DOS CAMPOS","-23.17992101915858","-45.8738259410237"
"14781","dd533b429f380718b70ad9922c294bae","BARRETOS","-20.5342210194687","-48.563568431308724"
"14910","4cf490a58259286ada5ba8525ba9e84a","TABATINGA","-21.728866463181717","-48.68881488220222"
"16021","1de62b6f2fd96227629786db492433db","SP","-21.22597638634657","-50.459834200386645"
"3275","f76a3b1349b6df1ee875d1f3fa4340f0","SAO PAULO","-23.586208449622042","-46.535891443101185"
"1552","8bdd8e3fd58bafa48af76b2c5fd71974","SAO PAULO","-23.573835900917526","-46.611013372900786"
"9520","50a7e551a7b3f8d37cd6e32d8bfbe5ea","SAO CAETANO DO SUL","-23.609546900250557","-46.568247078142726"
"9830","49f8d2ea7b718d0ce587d34207caf2b4","SAO BERNARDO DO CAMPO","-23.832291838953584","-46.5694918218123"
"14910","977f9f63dd360c2a32ece2f93ad6d306","TABATINGA","-21.73635644308728","-48.70088591258322"
"14270","acadd4d36859671cb635527c6c977533","SANTA ROSA DE VITERBO","-21.492062747451047","-47.38142757064218"
"6236","093805f8f2aeb63881444571e1f48f30","OSASCO","-23.50689076715323","-46.785866463096454"
"12215","c1552b1dab6e6f760950368ae61fb600","SAO JOSE DOS CAMPOS","-23.18093790397594","-45.869362507213346"
"4827","a5bff0f43eb51f0cad7c37fac7244c8a","SAO PAULO","-23.721403285590664","-46.70056068206479"
"7071","ff4ea69c2a729e83e63c7579e4ef8170","GUARULHOS","-23.45576545628714","-46.569519172773965"
"2634","d12c926d74ceff0a90a21184466ce161","SAO PAULO","-23.46016520927345","-46.65066418373822"
"17512","a72f15980dc3e9bfd1a49ac9b2f3af65","MARILIA","-22.1623538598574","-49.96585631927522"
"3641","b67d6c666e8dce1d078c882825e12704","SAO PAULO","-23.526629280313223","-46.536471572784215"
"4131","50c361bcf670d16f6df4d52de3dff924","SAO PAULO","-23.605673521784304","-46.618990239800326"
"9530","7c4402417d51474d4d0cda9557340e40","SAO CAETANO DO SUL","-23.617764471002317","-46.574964586733216"
"9961","eb1bf309f4f6af9a97e9ddac3fdbeabe","DIADEMA","-23.716539426075457","-46.60164008391423"
"8752","05feb94f19d094d4b0f9281f0b1d4c99","MOGI DAS CRUZES","-23.551706513599484","-46.260979398542325"
"9251","8759e7aedd644f487315e5860962f162","SANTO ANDRE","-23.630364544549572","-46.5101659848808"
"18279","ab27bbbad5239bc31a34709275a70db4","TATUI","-23.313782623850443","-47.8240690156379"
"2518","830379336fad8c6f3b15a4a3ddb5c66e","SAO PAULO","-23.508810312539527","-46.66650083042868"
"3569","9dc79dd988ac42f4d56c340d7048420a","SAO PAULO","-23.545859410180075","-46.49097687278091"
"18680","bdb3edbaee43a761e2d4f258dc08f348","LENCOIS PAULISTA","-22.59872084700082","-48.79900625450397"
"3477","1b8356dabde1d35e17cef975c3f82730","SAO PAULO","-23.567530318832812","-46.51205478799173"
"4558","fc908879b9ca1bd65419e54e50432d38","SAO PAULO","-23.600486945034405","-46.6846314923826"
"11680","e7f3bf1ecd8526eb7f3b18059e6716e5","UBATUBA","-23.43162669109582","-45.077228701223355"
"13660","c3251e13f1bbda6c74e37c160f991e19","PORTO FERREIRA","-21.872049616061894","-47.47821421823878"
"3307","15fa791d5e017f66402dc28c44480657","SAO PAULO","-23.54672346932889","-46.57400131986845"
"9560","b248792ac0b60ec3f93d80af1b4fae47","SAO CAETANO DO SUL","-23.626318023313516","-46.556023248542914"
"6186","6879c4d287a8dd06b11f54ea8f78e4da","OSASCO","-23.53386853621104","-46.81391517346643"
"18681","c360e4787614ed31ac7a2f95d3b22dc6","LENCOIS PAULISTA","-22.59942838136111","-48.779995856226165"
"9572","c458e2045a8aa8964f8879af03fdcce6","SAO CAETANO DO SUL","-23.642811068438903","-46.562687309885284"
"17605","9996ae921c50e8dff411ac69c0b4bb8b","TUPA","-21.936588293449766","-50.52238400033537"
"13570","9e94fa26a70ede4d26226e918e8706a2","SAO CARLOS","-22.031991221156915","-47.876134570598836"
"6038","217f005bb37ff3aeef5b2ae1788e75ba","OSASCO","-23.563429288970184","-46.776834047629656"
"1140","e116c7455dd26a4d8c3e92532583905f","SAO PAULO","-23.517930174303164","-46.66742959008009"
"11065","4125d9385a25e82d2f72d3a0fd55bc3f","SANTOS","-23.9678895545329","-46.34412123980033"
"5104","0570350b23eda5444f8d1d9544932058","SAO PAULO","-23.515534194010005","-46.75651449347912"
"18017","f5b44895715ddfe3087dc414f30268f3","SOROCABA","-23.494190060505503","-47.40954169025909"
"4360","df47da4ae86fa4db890d05aaf24e21d8","SAO PAULO","-23.643335839027035","-46.66315536095557"
"2510","2b03ac196f5ed62ac483960fe0fa3b65","SAO PAULO","-23.513707394631975","-46.65262935449776"
"14312","6a0cbc8af2e8abd1bdfb777943d174c6","BATATAIS","-20.916468353698388","-47.574216767527176"
"7113","56e361f411e38dcef17cdc2a3d99628b","GUARULHOS","-23.461303138496163","-46.518866387039054"
"1131","4ddeb3e828550cddc8d45c8bc36ab2d1","SAO PAULO","-23.52164183207347","-46.64747554830047"
"6317","f181738b150df1f37cb0bd72e705b193","CARAPICUIBA","-23.5259011954249","-46.84502074190641"
"8041","3d621842b2ed28e2b474132480edac3c","SAO PAULO","-23.515379054872383","-46.43703357172863"
"13920","686886775c8f6b1191c7b953fb52708c","PEDREIRA","-22.71618997215277","-46.88603788056516"
"2916","5a4236931428800e9d9cc04af0987118","SAO PAULO","-23.488245329634296","-46.72037106432417"
"13270","0c7533c71df861ec58ad7ff999ed0e8d","VALINHOS","-22.976619071841363","-47.010715093193014"
"9785","26562f211dd1364af2a8596dc945e8ae","SAO BERNARDO DO CAMPO","-23.71117841564154","-46.529053447964074"
"13920","f593898ec748b7a8cb81fc04edafd98a","PEDREIRA","-22.74095390042642","-46.89644455728524"
"17511","1927cdb9fa74f5270097f6250e8e8f34","MARILIA","-22.181007751312862","-49.963543554532905"
"15052","fadb07c842a2aef5d5a676b85f220e71","SAO JOSE DO RIO PRETO","-20.762044138028834","-49.36125669828399"
"7077","b64d51f0435e884e8de603b1655155ae","GARULHOS","-23.43410150291419","-46.553472434502844"
"13920","4a1f694197d05fe70026b016a7316b41","PEDREIRA","-22.742761679457605","-46.898929913778126"
"14910","55c26bcb609f480eb7868594245febb5","TABATINGA","-21.749638017604212","-48.68780640421591"
"17512","e5545d4d4473876ea78c5bcebca365c3","MARILIA","-22.154209249920417","-49.95162687408481"
"1319","18a349e75d307f4b4cc646a691ed4216","SAO PAULO","-23.55156260866176","-46.64021297307979"
"3569","ef506c96320abeedfb894c34db06f478","SAO PAULO","-23.541941545934563","-46.490954888424035"
"14405","ae45ad30c2d2e5913094769690a239d2","FRANCA","-20.5353004806981","-47.41236293955156"
"2116","72c73be2b085b9d57650dd53eb2004c9","SAO PAULO","-23.522700069940573","-46.58754575881468"
"8517","e88165a185134e13fdfc85d4fa654db8","FERRAZ DE  VASCONCELOS","-23.56892589286744","-46.372428309048416"
"13023","e0eabded302882513ced4ea3eb0c7059","CAMPINAS","-22.895499290034056","-47.061943920624365"
"6715","5c853bb56f70f4d14218944bae111d7a","COTIA","-23.60931570674486","-46.8753062213065"
"8275","c70a353f02429c00775a46a75fb787da","SAO PAULO","-23.577140011656766","-46.48276229003407"
"18220","717b78b0950b51ed00b1471d858b0edc","ALAMBARI","-23.568092855750987","-47.88939111855585"
"9400","411f3b52d857390502ee4e4d5ceabc2d","RIBEIRAO PIRES","-23.712947685815696","-46.408553963500516"
"5413","3442033154be05bac582e173ef54fd12","SAO PAULO","-23.559985257833734","-46.679377731461784"
"5685","28ea411b354f14b1a494be4e79f0ce02","SAO PAULO","-23.60842233527613","-46.70497567929482"
"13473","02c988090b766852e088c69d7fb3b551","AMERICANA","-22.72893170107914","-47.301322143632056"
"4106","1fa2d3def6adfa70e58c276bb64fe5bb","SAO PAULO","-23.58020448542905","-46.62978341909516"
"2925","07a9bc7f61396b658ddf3ac534efe44c","SAO PAULO","-23.50257293484837","-46.697541893704475"
"18130","45ba18c210d42734ec52c0c1c574e9ee","SAO ROQUE","-23.534589583126543","-47.1339803916267"
"4265","1da3aeb70d7989d1e6d9b0e887f97c23","SAO PAULO","-23.58667354731954","-46.61242320483004"
"8710","01ed254b9ff8407dfb9d99ba1e17d923","MOGI DAS CRUZES","-23.5283168453321","-46.19382776987949"
"13480","ec80e49e69745ab6c14f984bf2149423","LIMEIRA","-22.564590914795993","-47.40315315223038"
"18130","0bb738e4d789e63e2267697c42d35a2d","SAO ROQUE","-23.531604483209268","-47.13761049293446"
"5455","dc8798cbf453b7e0f98745e396cc5616","SAO PAULO","-23.536892137111174","-46.71311138051819"
"9541","6b15924333bd1a741595fe981ea04822","SAO CAETANO DO SUL","-23.62105546378897","-46.56510050291419"
"15015","8fd3b4468f6425810648177996c14cbd","SAO JOSE DO RIO PRETO","-20.81842802837701","-49.39248776604019"
"3191","c6a7539d424a8402232c2228d7a03c5e","SAO PAULO","-23.569109580904836","-46.57235346003806"
"18950","e333046ce6517bd8bb510291d44f0130","IPAUSSU","-23.050352082421156","-49.62755542394423"
"6192","5206cc4bc2297c833e6061c49bf9c43f","OSASCO","-23.527419336689768","-46.79951706425642"
"16250","94ca168e8bcb407ab85c5da308863027","CLEMENTINA","-21.557737960564367","-50.43903580013244"
"3542","e9d99831abad74458942f21e16f33f92","SAO PAULO","-23.53108125950717","-46.51791357132556"
"13560","83c465a786b06574376909b35ef6752a","SAO CARLOS","-22.01139055955482","-47.886487092764376"
"14790","2039c5e51785b5dde7cf93ccb3b7be2c","GUAIRA","-20.32575857378295","-48.319543357640256"
"18048","b14db04aa7881970e83ffa9426897925","SOROCABA","-23.536698700423297","-47.467479079917624"
"18110","f63d8f293af3a6454377546bd9dd19ff","VOTORANTIM","-23.53949605023373","-47.451092483640046"
"13202","2528744c5ef5d955adc318720a94d2e7","JUNDIAI","-23.207180112486483","-46.87693047864591"
"16022","e48cc16ab70bfa09e1401740dce0b3d7","ARACATUBA","-21.235015152374626","-50.46798178227244"
"16200","bc503e244f187939d10c92a5c8e378ce","BIRIGUI","-21.295319193028124","-50.3483122411737"
"4319","ab91571efab27993ff2f6b36e38055c3","SAO PAULO","-23.647429801835052","-46.63695438634658"
"4776","2156f2671501a81034d7d07f217609d0","SP","-23.689300411593344","-46.70065806950787"
"2611","26e2e5033827d2ba53929f43e03d8ffe","SAO PAULO","-23.46977775491955","-46.65526828642737"
"13520","23a0ffca143a15b9b5bbdb7d552f626a","SAO PEDRO","-22.556771770126396","-47.91123662245614"
"15015","14ee35374a7876217954b5fa08e50463","SAO JOSE DO RIO PRETO","-20.81551488313712","-49.389359471436016"
"2415","d7b2377bae6ace1b11fc69a11900ac36","SAO PAULO","-23.47193716763806","-46.62999953941368"
"5734","87e24fc7052259b1f7f607d61c10d8be","SAO PAULO","-23.622552832964764","-46.744348188656566"
"6246","c42fd8e4d47dfb18ce5222f2dd7752f9","OSASCO","-23.499940086040734","-46.81177024952385"
"6192","8b655f0855926bcb49f5835d38dfddf6","OSASCO","-23.52858765277865","-46.80459523327945"
"11600","db2956745b3a8e9f3785c99f34b5d25e","SAO SEBASTIAO","-23.753948510964275","-45.41325199417162"
"18760","392e0502231ae2f8b29994ef6398cd77","CERQUEIRA CESAR","-23.037596029379426","-49.163361189515406"
"13023","3442f8959a84dea7ee197c632cb2df15","CAMPINAS","-22.898536428530225","-47.063125168330544"
"4719","a08692680c77d30a0b4280da5df01c5a","SAO PAULO","-23.633015143776273","-46.70610495351717"
"3643","d58d521f3789def2e7a22715e0badd93","SAO PAULO","-23.527569467943906","-46.53422207369149"
"4367","c7b7db6c8f3c64a7cc1afa634db21d50","SAO PAULO","-23.650434617548566","-46.66830299027648"
"2963","bd4889b5e9133b35b66e42a8665cea5c","SAO PAULO","-23.485755415382435","-46.70221321730524"
"9810","92d14edfb62ee5ae7fdff70b0f4e7233","SAO BERNARDO DO CAMPO","-23.717304503462447","-46.57103119900168"
"14401","86bb7c4b535e49a541baf3266b1c95b1","FRANCA","-20.525621914979087","-47.38989850951276"
"14850","b33e7c55446eabf8fe1a42d037ac7d6d","PRADOPOLIS","-21.363690797973124","-48.07158744679505"
"13480","37dd29b36c458d82f74a953c40c43645","LIMEIRA","-22.58081601735962","-47.39878589649064"
"3194","76d5af76d0271110f9af36c92573f765","SAO PAULO","-23.56788988703906","-46.57394821510183"
"5170","c37b2059d4f90d4feead554e5246565e","SAO PAULO","-23.48299439578163","-46.750699765335554"
"9810","54583ab379489add547fe47b628db589","SAO BERNARDO DO CAMPO","-23.723129438830654","-46.557639356367936"
"14090","8f580d36c1e9d6fbce95283403c7d447","RIBEIRAO PRETO","-21.177451592561596","-47.79583295337295"
"15055","71592660bbcb6a4664e97b6f8b68babc","SAO JOSE DO RIO PRETO","-20.793966591593712","-49.363925103061646"
"12233","8e6d7754bc7e0f22c96d255ebda59eba","SAO JOSE DOS CAMPOS","-23.23724961587513","-45.88082955926476"
"9080","f12d3c2a14729ae461b920c11fe20fdc","SANTO ANDRE","-23.644438912091005","-46.53988531353385"
"2124","079d295dcbf06ee8bb1b65ba964eb2b6","SAO PAULO","-23.50636475575626","-46.58066375575627"
"11704","d91fb3b7d041e83b64a00a3edfb37e4f","PRAIA GRANDE","-24.026786758814687","-46.49304889148245"
"3416","d90fe2229fee1a5da999ccd0c06c1667","SAO PAULO","-23.5595404069971","-46.55031816083575"
"3533","bd697db56ff8e7c9cd1abeb7f72029b2","SAO PAULO","-23.54331467943905","-46.52124670344508"
"9180","656591be56071d4c9ef4e5fee78a578a","SANTO ANDRE","-23.696333654452097","-46.5268662352127"
"13360","3481aa57cd91f9f9d3fa1fa12d9a3bf7","CAPIVARI","-22.990772945034408","-47.51164009533157"
"13473","0ed6ce5d87fd9c69eaacaeb778d67235","AMERICANA","-22.724093399388313","-47.30907423466445"
"3378","bcf5566870987da7bc811fbc8c5b9fd9","SAO PAULO","-23.575139177299555","-46.54103782670819"
"4850","2e1c9f22be269ef4643f826c9e650a52","SAO PAULO","-23.746252526227707","-46.677001782820696"
"16200","b05b432bf68945d4d9783f9e3ca29ee8","BIRIGUI","-21.292778728447875","-50.34987575997993"
"18130","528ce32f560edd11add4169f6a5b65be","SAO ROQUE","-23.53626695697963","-47.13489184347044"
"13232","3d871de0142ce09b7081e2b9d1733cb1","CAMPO LIMPO PAULISTA","-23.21438523122222","-46.76501501718525"
"3688","d8d9567d0bfb0bc7eb845a205ba42657","SAO PAULO","-23.52665549125743","-46.483370916180974"
"7179","312ba1d77e9c332ef21f9598b7f64cd7","GUARULHOS","-23.397201419095154","-46.41869442783772"
"8275","c12d7463a579237ffb9248bd7cff378b","SAO PAULO","-23.56890202553522","-46.47407451887012"
"13304","615005a3ef192c00c6f0e977cee3d2bc","ITU","-23.277113936724533","-47.27658838802001"
"3372","8936ba0de1073ee888cb3185ae5dc661","SAO PAULO","-23.572388943937888","-46.55765144171619"
"4810","b3809b8d4394588a47c8470ea331e135","SAO PAULO","-23.713007968697557","-46.69256515971141"
"3186","f12ff17ad8bbf01ec5c33b17e506649b","SAO PAULO","-23.567258514570952","-46.58312233236194"
"9380","fc0b214b59a83615fea981c6424a02ae","MAUA","-23.62698749235395","-46.47787233527612"
"8710","a7c88262832dfc683781d6a421edefae","MOGI DAS CRUZES","-23.51937483109403","-46.19269037743349"
"9920","6548c2550b6e2d8f18053216e1c7b6f3","DIADEMA","-23.680084526775975","-46.62410537301638"
"15015","fdaaf5bfda82b7b80535610c831b8d09","SAO JOSE DO RIO PRETO","-20.8230745926767","-49.400620364873696"
"12240","2dcf93836ae3ce0d7c93e2f10876467a","SAO JOSE DOS CAMPOS","-23.23009940009024","-45.90094499999999"
"5083","98e164d549402270247f3c96a1a158ef","SAO PAULO","-23.532002287812354","-46.71904940590918"
"17250","f235413f677777a0738ff215d0184901","BARIRI","-22.087700920983714","-48.7476570587839"
"11442","7d948535954aaf8c5d39db007f74372e","GUARUJA","-23.978624736621192","-46.2155448966947"
"13573","52a52b9f656520e99716f5bc40f661c8","SAO CARLOS","-22.064437791015006","-47.89639950819431"
"18072","6481e96574816ead57975da2c0f6d80d","SOROCABA","-23.429329352684558","-47.506446361592424"
"18480","28c7d8743fbc8679f484868cc0fcaefb","ITAPORANGA","-23.701769784404224","-49.48408686288425"
"8420","4e8dacf3d38f281ae26c3e0321d92d88","SAO PAULO","-23.552100149323145","-46.4452853997018"
"14015","dace965ca58120f92f8d742a9fa1864b","SAO PAULO","-21.180024408823378","-47.81386413405276"
"2376","2f74af7a0ee5636f12c2336f9fffed47","SAO PAULO","-23.458526276992313","-46.62665931349181"
"9111","c7fdb77fdbff3c41981bc52f787e959e","SANTO ANDRE","-23.67312942215358","-46.491989724825345"
"9220","41b39e28db005d9731d9d485a83b4c38","SANTO ANDRE","-23.625445558139575","-46.5331056711005"
"13273","918f6fbcf3ab724d805867303e593a1b","VALINHOS","-22.946686728177074","-46.9746763873937"
"19470","e4ebd3f87bf70440014f07ddda7fbe03","PRESIDENTE EPITACIO","-21.772896074965722","-52.10945787915076"
"13566","2089a6d640999f9b9141ac719b2af596","SAO CARLOS","-22.000554387183286","-47.88585695697964"
"8599","f4db9b37944bcb8873e6b456ee190bbf","ITAQUAQUECETUBA","-23.462597421592825","-46.3353165488443"
"13360","6860153b69cc696d5dcfe1cdaaafcf62","CAPIVARI","-23.0122137105142","-47.52203973160603"
"2110","6219ba2359cfb97f2e38fd4c321eb309","SAO PAULO","-23.52188843014645","-46.59374225679054"
"8320","edf3fabebcc20f7463cc9c53da932ea8","SAO PAULO","-23.635701","-46.46231774999998"
"12600","f9d010e39375d9c91dce3f40b73a2f84","LORENA","-22.72616580904841","-45.12752204287612"
"16200","bdf0d02d36a1d839d0c39c4a887cdd49","BIRIGUI","-21.305514324924562","-50.34224566493005"
"3929","dbb9b48c841a0e39e21f98e1a6b2ec3e","SAO PAULO","-23.606332072162274","-46.488808985429046"
"9163","bc47d5d1490df2b36add65d733eafaba","SANTO ANDRE","-23.7622680628159","-46.46728047262276"
"2310","2f4b0d3b9634b647d4edee577d7ebb7e","SAO PAULO","-23.472766844018693","-46.602178072162275"
"14092","897060da8b9a21f655304d50fd935913","RIBEIRAO PRETO","-21.18055179125429","-47.763154666612806"
"13324","f8db351d8c4c4c22c6835c19a46f01b0","SALTO","-23.205916980841412","-47.307845865802996"
"4607","12a8eb0f8d1cd3270695bf2a99f55966","SAO PAULO","-23.619064602940195","-46.672288608270925"
"14092","f3862c2188522d89860c38a3ea8b550d","RIBEIRAO PRETO","-21.179266398570213","-47.77163694763412"
"3308","bee36b4f9a2b9fdcaff6ec05df202ed0","SAO PAULO","-23.540691446852072","-46.57315915849145"
"12604","97e995629983723d11830a829bc2b246","LORENA","-22.732245460730546","-45.10352631917596"
"12924","7b0df942f46435babab05d49b744b2c4","BRAGANCA PAULISTA","-23.017788365999934","-46.52244499999995"
"14110","431af27f296bc6519d890aa5a05fdb11","RIBEIRAO PRETO","-21.26545713811648","-47.80925166665395"
"17201","ef728fa1f17436c91ed1ccd03dcf9631","JAU","-22.293283651682124","-48.565581778521526"
"5314","f1fdf2d13186575751aa25876536d85c","SAO PAULO","-23.534948702752576","-46.73391596448145"
"7135","6edacfd9f9074789dad6d62ba7950b9c","GUARULHOS","-23.422313378296494","-46.520062240348594"
"13820","ad87df7699e83b8a91822a4a0b765c3a","JAGUARIUNA","-22.689712550377955","-46.98249303136359"
"16200","69b5eaa096c3f9d1e5c398c597f567d6","BIRIGUI","-21.303314868389645","-50.33528422537569"
"3103","89d9a386b0b6e5fc8403071b03f7206a","SAO PAULO","-23.55428750346245","-46.61269297446478"
"9710","010da0602d7774602cd1b3f5fb7b709e","SAO BERNARDO DO CAMPO","-23.70899726008409","-46.54812620982171"
"15015","ad781527c93d00d89a11eecd9dcad7c1","SAO JOSE DO RIO PRETO","-20.814299999999946","-49.382739999999956"
"2124","1f1bb1f0859883505541bdd6606193e5","SAO PAULO","-23.505254643632053","-46.57671330599"
"3057","f44b6f775a2b390380e0e30b5c9d3eee","SAO PAULO","-23.542577727451086","-46.59338016847479"
"11702","9c1c0c36cd23c20897e473901a8fb149","PRAIA GRANDE","-24.01704140383171","-46.442917330284466"
"11075","08f5819815f3d06545011850bd70f0a8","SANTOS","-23.944502325841068","-46.33124278031053"
"6016","89c127985a8b130cfa45c1d36764017a","OSASCO","-23.533669289197334","-46.780298393271465"
"13613","9d489893ff6af05029671b785f54b998","LEME","-22.182877947739502","-47.400870915004084"
"1309","5f0057b677eb963672bf05dfa3f16c34","SAO PAULO","-23.557323688585658","-46.65692890729416"
"15170","7daca0837f033a41a6f3428c18657533","TANABI","-20.630656381370468","-49.656750506339826"
"6519","7238f877570096ae403c51898fa64566","SANTANA DE PARNAIBA","-23.49413311227142","-46.97080924393411"
"12701","dee656f0f566ed1aa85bd137c943f08f","CRUZEIRO","-22.577927804605018","-44.95825089647411"
"13520","e504a4e2efaa45cbff7e268a2c58c956","SAO PEDRO","-22.55872490662457","-47.902655554711544"
"14092","4e5725ba188db8252977a4f0227bd462","RIBEIRAO PRETO","-21.174925033585303","-47.7686162776848"
"4710","1dd33b8119b3cb1056ed5dc88cd0aaf4","SAO PAULO","-23.625255719400997","-46.69674106647811"
"16074","e83c76265fc54bf41eac728805e4da77","ARACATUBA","-21.19819052567945","-50.45330794255291"
"13056","8d46553a36e68f95350a200c12f8f2e2","CAMPINAS","-22.987222371013935","-47.151072819246686"
"17600","52831e5990d0771cb4951d6f12928167","TUPA","-21.937340463741933","-50.51213791271501"
"8710","ff1fb4c404b2efe68b03350a8dc24122","MOGI DAS CRUZES","-23.52323657802531","-46.19416553204927"
"11075","520b493b57809f446cb0a233bb3e25c7","SANTOS","-23.947686671100517","-46.342546428530234"
"8050","c35affa65afd250151285c5917fc1c8a","SAO PALUO","-23.511019526227713","-46.46270107562471"
"5141","0b18d63d0cd1d723567903fd34a07df2","SP","-23.49065997530149","-46.7284764394945"
"16200","5d505d2298ad549e4e4e835562fa0c1e","BIRIGUI","-21.292943058664388","-50.33834693019628"
"5125","5f2684dab12e59f83bef73ae57724e45","SAO PAULO","-23.50739523980033","-46.74054093839796"
"13203","5acd070dd3fe441bbb2ec1f1ede515ee","JUNDIAI","-23.221847481562573","-46.86292270289681"
"5734","903037660cf848a717166eb7a06d616e","SAO PAULO","-23.626153149296492","-46.74691974117254"
"13420","39d61be7a92eb77b7da367bd4845bc0e","SAO PAULO","-22.74098779744896","-47.60706025967849"
"13820","52a50b42accf164f9f019941e5759d9b","MONTE ALEGRE DO SUL","-22.693787901331753","-47.01193816444707"
"15502","440dd6ab244315c632130ecfb63827b1","VOTUPORANGA","-20.420195425166018","-49.98253175215128"
"4904","d4d99b60c4c94cd35acd502cec65dc8d","SAO PAULO","-23.67208977101971","-46.739566162646405"
"6180","9c7fd21e0aa159b20da593371f08ff7c","OSASCO","-23.53751282051502","-46.802685846524746"
"13501","980640c45d7a4635885491d077167e4d","RIO CLARO","-22.437748743859654","-47.558329437792395"
"12020","9f50216bfd01913736a55a11b55ea842","TAUBATE","-23.026624108168907","-45.56318695019824"
"6330","a69aa24cec11168e7e39a3fbc727e925","CARAPICUIBA","-23.55971076646229","-46.8303535073357"
"17250","17306570e772e7718c92a562d33f5f1d","BARIRI","-22.085794914046556","-48.750189410204115"
"5041","d4a5e99e0dd915df64ba55a7fbd583fd","SAO PAULO","-23.523895623925213","-46.691459916180975"
"7025","1771297ac436903d1dd6b0e9279aa505","GUARULHOS","-23.483785075768953","-46.541554020255106"
"16200","709e16e2b25c7474d980076c6bfc4806","BIRIGUI","-21.301705697260985","-50.33198634467411"
"13560","81336a0f57a33776419727a300249e90","SAO CARLOS","-22.014513922009343","-47.89487162476193"
"18103","8fbe2ee446b97e128471be4ce983dc0d","SOROCABA","-23.416176489035724","-47.42898358673321"
"6286","a4e634166243bbb3a13fa584463fa468","OSASCO","-23.507298266732708","-46.772671393337106"
"2117","07d75e33f2750d97d467fb57e4dfdd8a","SAO PAULO","-23.52019456333894","-46.593538927981854"
"4602","809413606dbfe5deefd2db646693ef67","SAO PAULO","-23.615941683045737","-46.67538005966879"
"14401","26e13b6ff5b641b329e5524241ee2c93","FRANCA","-20.530671079410943","-47.39851931627846"
"2118","de09d00cfc265b8804c7df34075a68fa","SAO PAULO","-23.51661167998731","-46.59476458159733"
"5268","d85efbc8eff2b7adf524e2820569adc8","SAO PAULO","-23.4354855545329","-46.79097199417163"
"6016","044668ccd5316b12a7cf0d54a156e3e9","OSASCO","-23.531973879580764","-46.78383623182836"
"9220","c0563dd588b775f2e37747ef6ad6c92c","SANTO ANDRE","-23.627936730635604","-46.53772354718555"
"3568","93bef6edaa84956e8e575016449b6351","SAO PAULO","-23.539098006665103","-46.48619464224707"
"13560","d29ba1220fb8634fa3a107e54497b8a4","SAO CARLOS","-22.015151496537552","-47.89241974854289"
"15803","269cff2d3c8d205c11f37a52402ea93b","CATANDUVA","-21.126845368024707","-48.98932863142702"
"2976","1a932caad4f9d804097d7f8e615baed1","SAO PAULO","-23.478102779882025","-46.717376174255826"
"6871","c9c7905cffc4ef9ff9f113554423e671","ITAPECERICA DA SERRA","-23.72033746105922","-46.85362208015704"
"2215","138dbe45fc62f1e244378131a6801526","SAO PAULO","-23.491633714409335","-46.58316026588382"
"14090","ce4755084bc097113867e6454f8f5e52","RIBEIRAO PRETO","-21.186225031363602","-47.776271673466454"
"3880","b4ffb71f0cb1b1c3d63fad021ecf93e1","SAO PAULO","-23.50869470774424","-46.48672956633388"
"15807","7aa538dd6e114e503a2e6154ea352253","CATANDUVA","-21.123005689422378","-48.94945781487678"
"14055","83f2b4881141ce3fcd4e985125d3279e","RIBEIRAO PRETO","-21.1575781634253","-47.81743621509692"
"14092","ede0c03645598cdfc63ca8237acbe73d","RIBEIRAO PRETO","-21.182143558139572","-47.76111347362804"
"17602","1f9ab4708f3056ede07124aad39a2554","TUPA","-21.935321019185277","-50.49756182976886"
"16200","1dcfa3835714681d4ba4a93bc1e0fd41","BIRIGUI","-21.286603530753567","-50.3454764929946"
"1411","c8e135e7b21ecbc36c1153a29d2f5a06","SAO PAULO","-23.568546850380155","-46.66483313596545"
"12250","5a93f3ab0ef4c84ed5e1b5dbf23978bc","MONTEIRO LOBATO","-22.957006788724875","-45.838892673596476"
"14110","fec6912baad85d41729669edd6b4d3b8","RIBEIRAO PRETO","-21.185944576067463","-47.81498292186677"
"3554","5fd924b4836098a5be0ecf81ba054ce0","SAO PAULO","-23.540811611431728","-46.506777407294166"
"3951","1cd9e0cc1839d55516843def5600816d","SAO PAULO","-23.58353292305826","-46.48957476496762"
"9710","4200ddf1967c5e41e48db62bc6d4b5ac","SAO BERNARDO DO CAMPO","-23.71050087010218","-46.5498507132555"
"8710","596849622429351f47b32e6cae1055ff","MOGI DAS CRUSES","-23.523249878212354","-46.19568822469723"
"9321","adbe70ab2c97442046d393988c8d1d27","MAUA","-23.64642952510253","-46.433690298084144"
"12916","c7c7b2682c648339a0e9846bb1023a39","BRAGANCA PAULISTA","-22.97993113988114","-46.54209659755325"
"15137","cda598c48d7c614bc1cad7d8ff6f0010","MIRASSOL","-20.826509617243435","-49.49059546820425"
"15056","a247197e2e9c19a6a53a6888cb8b660f","SAO JOSE DO RIO PRETO","-20.77506553244082","-49.3482776590689"
"2066","1eade46fba20122dc4aefb379f8c636b","SAO PAULO","-23.508759080212354","-46.602973042876144"
"3951","a663d9c3797e90eac99ff60939416a56","SAO PAULO","-23.58353292305826","-46.48957476496762"
"14090","b17b679f4f5ce2e03ce6968c62648246","RIBEIRAO PRETO","-21.176973922009353","-47.78803467346643"
"5734","c8b3445d737de6befde0c88ede534a5e","SAO PAULO","-23.627720761275086","-46.74677188164389"
"13603","45213867cefbf2cd4c6177e10216a951","ARARAS","-22.357155798358097","-47.4052921218512"
"2310","fa40cc5b934574b62717c68f3d678b6d","SAO PAULO","-23.47266471135092","-46.59923598903572"
"3134","9c351405b754cc5ce3e2ecf277bb034a","SAO PAULO","-23.585400696585772","-46.58427399775607"
"18110","23c38debaffe4a25a30fdbd9b586a13f","VOTORANTIM","-23.54362535911075","-47.45721109302991"
"9111","0eaa7e33d73809f1f925f7d07c506cbd","SANTO ANDRE","-23.672837158203006","-46.48154063587043"
"13480","1fdc574883ef3b33ad41562d93f3a74a","LIMEIRA","-22.5668073078759","-47.40432265306312"
"5616","5882f40daf39bc2a465e0cb453ddc222","SAO PAULO","-23.587259951151253","-46.71949672370017"
"2265","2e13c71026e1a39ba5cc1b86dcb679aa","SAO PAULO","-23.47651943519532","-46.595549677073116"
"2411","a45765f8afb1e594b22bf9e974b46765","SAO PAULO","-23.47416101610016","-46.62516585290548"
"9810","e3dd723429d1b23614b7fa85e2c7a853","SAO BERNARDO DO CAMPO","-23.721830545819934","-46.56023781078733"
"13360","57fe6232e67823593374a2281d7a8af8","CAPIVARI","-22.998541678774497","-47.503156053250315"
"3236","d63f306de130e0391d38a792541723b8","SAO PAULO","-23.594918280599003","-46.5541035925616"
"4711","b4b447d715f9ab302a188fb43d3e96b3","SAO PAULO","-23.627917099919195","-46.70291843519532"
"4141","253f95b3a0e6983ae18aed49fbc2b845","SAO PAULO","-23.61041811434591","-46.63263307660568"
"14850","1996942dc085d7773ba77a529b163cd0","PRADOPOLIS","-21.367570681803436","-48.06270442872158"
"4679","2fa13c8bd5705d279f7ed5cc9ec61c68","SAO PAULO","-23.67501017124474","-46.679538766172286"
"14055","abc015ebac1d283a323ca9db35ede4b9","RIBEIRAO PRETO","-21.156229802383315","-47.8323730217843"
"3910","42b729f859728f5079499127a9c2ef37","SAO PAULO","-23.584523195554322","-46.51460627909786"
"9171","ff063b022a9a0aab91bad2c9088760b7","SANTO ANDRE","-23.70007597807146","-46.512702481822366"
"13604","734def04b237117a09321dd6d8f3f2a2","ARARAS","-22.33251088443001","-47.377264861568456"
"3581","6f1a1263039c76e68f40a8e536b1da6a","SAO PAULOP","-23.554750452680462","-46.500701002914184"
"13835","51702dc2a3e106c76dbff722b5bf0726","CONCHAL","-22.34545873540991","-47.17810801326373"
"4911","15ac3c501e2599e4917316fde5c5669a","SAO PAULO","-23.68384378129149","-46.73903090841936"
"9010","f4a04f7be452aa3bb31760bf00055dd0","SANTO ANDRE","-23.659814137170073","-46.52676210599556"
"13480","59417c56835dd8e2e72f91f809cd4092","LIMEIRA","-22.573003714957597","-47.399370537884465"
"13560","7315baebc0572ff220d226283dc66728","SAO CARLOS","-22.00906858673322","-47.89088287134292"
"3225","a7d0f8dd44f57ef6de7f7f02e3d82630","SAO PAULO","-23.584152991949924","-46.556715300305854"
"15601","6fc26fe110feebd80a433e1f012a84f9","FERNANDOPOLIS","-20.297575399086895","-50.26553470933993"
"4795","282c7480173bb9c01dd41cc739fec010","SAO PAULO","-23.681817168186317","-46.69358762072255"
"9920","966cb4760537b1404caedd472cc610a5","DIADEMA","-23.683234734139088","-46.626199907575426"
"18110","cfb1a033743668a192316f3c6d1d2671","VOTORANTIM","-23.540699932021333","-47.45842622799934"
"13560","73da1880b39c71de2b262bc7720c1494","SAO CARLOS","-22.019002019706843","-47.893632349702855"
"15290","2c4c47cb51acd5ea5db5e0ae0e26542a","BURITAMA","-21.069170059436985","-50.14388889015095"
"7043","61c36f0fc4a47f9532e5512b66668e62","GUARULHOS","-23.484869015263445","-46.55279727768482"
"9080","0015a82c2db000af6aaaf3ae2ecb0532","SANTO ANDRE","-23.642428166497456","-46.54393316954348"
"14090","8629c241b3622ac12cd4118afdc8d394","RIBEIRAO PRETO","-21.178452478215682","-47.79654969011487"
"5530","de23c3b98a88888289c6f5cc1209054a","SAO PAULO","-23.577073040798666","-46.7199426382077"
"8502","f9a02f1922d1de564392e656d82b3fda","FERRAZ DE VASCONCELOS","-23.535240724820717","-46.36167384107207"
"4811","3bdff180c7e1f6551a643b99c265a120","SAO PAULO","-23.709650164437335","-46.69257464205786"
"4833","8f2b51a30523cdecddc2f179f351c7d6","SAO PAULO","-23.744100100187264","-46.70674982003745"
"9810","3d2400ac620cffa23ac81bd192f7f555","SAO BERNARDO DO CAMPO","-23.7176017506512","-46.557781721753464"
"8072","d101c6da914ae3d53f7bee42283f2fe2","SAO PAULO","-23.48618566157444","-46.46171801285908"
"6790","325f3178fb58e2a9778334621eecdbf9","TABOAO DA SERRA","-23.61030541993188","-46.78378189508913"
"13178","8c0de775f52fe41590b376a3b7c50f68","SUMARE","-22.800362898695823","-47.21833340077328"
"3187","8a130737016f838139d31878787a39c9","SAO PAULO","-23.566230979700467","-46.58020347785505"
"12020","085f6f7e049c996695fb2074fe38d45e","TAUBATE","-23.022733959878504","-45.55651892606318"
"15055","f43827dd686be3a4a80e00aa299990fb","SAO JOSE DO RIO PRETO","-20.793475821503453","-49.366037495931415"
"8275","3be634553519fb6536a03e1358e9fdc7","SAO PAULO","-23.57030088175894","-46.47218909755325"
"9010","6288c69c4ce638e59925e59193f98b16","SANTO ANDRE","-23.65686051757304","-46.52435858531403"
"13382","d297f1055de2956aedfd3b04113dce3e","NOVA ODESSA","-22.802054627807152","-47.30784990256127"
"15600","f5403d3f50089112c4eed37928b7f622","FERNANDOPOLIS","-20.28599742780295","-50.260633954189515"
"1044","9d39404483343dd55c7ae254494d8388","SAO PAULO","-23.545751050233726","-46.64132693574358"
"3701","56642bcb79900e777d68e91915cb4267","SAO PAULO","-23.51082058312654","-46.550861177765604"
"3520","112453736dbe3889cfb74e1aaa0ba0c1","SAO PAULO","-23.548840889809025","-46.523309280598994"
"13360","23d7c96d4a1160db1c726b248601b25a","CAPIVARI","-22.98796417929482","-47.51116109339832"
"13530","a7a9b880c49781da66651ccf4ba9ac38","ITIRAPINA","-22.249520394182735","-47.81123678056145"
"14401","7202e2ba20579a9bd1acb29e61fe71f6","FRANCA","-20.528325175399004","-47.39931699396351"
"13480","3ac588cd562971392504a9e17130c40b","LIMEIRA","-22.57675311019098","-47.39437738703907"
"17380","6c9875b2f94ba781186f0c1aed8d1687","BROTAS","-22.28333968942237","-48.11555789578162"
"4141","818d28f936e791926d33bcb6ee94ef79","SAO PAULO","-23.60839055759132","-46.629129624761916"
"6544","cbbd5ae8f53de5f5097cd8217b529e24","SANTANA DE PARNAIBA","-23.463669949766263","-46.867870523601965"
"6033","3bfad056cf05c00dabe2f895925d83b1","OSASCO","-23.562275627243423","-46.77786620774424"
"15502","94e93ce877be27a515118dbfd2c2be41","VOTUPORANGA","-20.405604560394835","-49.991952668038884"
"16200","76833248bbc0e65a0293ec62023e4396","BIRIGUI","-21.29680338463704","-50.35085179046796"
"2215","5cf1ec37aea089f45110c70653a166ab","SAO PAULO","-23.491089052455425","-46.585081880518196"
"3520","cb41bfbcbda0aea354a834ab222f9a59","SAO PAULO","-23.548724643632053","-46.522593298776634"
"15601","f326006815956455b2859abd58fe7e39","FERNANDOPOLIS","-20.29811259961654","-50.25331663457617"
"15170","b3f19518fcec265b2e97af287725f981","TANABI","-20.619786901756022","-49.64820320291271"
"14091","6426d21aca402a131fc0a5d0960a3c90","RIBEIRAO PRETO","-21.1894024299152","-47.79295570344507"
"14401","a6fe7de3d16f6149ffe280349a8535a0","FRANCA","-20.535958059672353","-47.389987057391956"
"7056","77714512e8d4dda9c234da8e3faf16e4","GUARULHOS","-23.459393645572977","-46.56533488185765"
"7082","f7315bb81aea4ddca2d39e249a801c98","GUARULHOS","-23.434352099082478","-46.54289717277396"
"2334","4ea2f12dbe91deeacd2c1e74f069a6e6","SAO PAULO","-23.48496374049282","-46.61933914432453"
"6696","e883aa812c37a7413226856f4579fe91","ITAPEVI","-23.52675976321213","-46.94317674153119"
"14092","4b1eaadf791bdbbad8c4a35b65236d52","RIBEIRAO PRETO","-21.17517809186911","-47.76670755467711"
"7790","c003204e1ab016dfa150abc119207b24","CAJAMAR","-23.406238298215786","-46.84102497498486"
"3809","a673821011d0cec28146ea42f5ab767f","SAO PAULO","-23.489345713572618","-46.47738070858095"
"14401","a066df7361163e7ddc5d7452dd17448b","FRANCA","-20.53618637830108","-47.38852507612394"
"5537","96493fab2fbb13a14d0c0e8772eef5c3","SAO PAULO","-23.583749092212692","-46.73472062372479"
"11704","271b8923c6a549e02d3c9fd1f8c0422b","PRAIA GRANDE","-24.03077309908247","-46.48748488550985"
"4367","850f4f8af5ea87287ac68de36e29107f","SAO PAULO","-23.652502847625374","-46.66809535567546"
"17051","939f6e231201f26803cb5c3a3d2940b3","BAURU","-22.3309989111893","-49.10050727240467"
"9111","fa5fdc4e4bb6bd1009ad0e4ac4096562","SANTO ANDRE","-23.66721675288362","-46.49913206319721"
"13835","90b36c5aeb728d5504a39f435bef0c5f","CONCHAL","-22.338620999999996","-47.176031249999994"
"17051","7ade73f1b9b4e965f9009a4c3a7e2c15","BAURU","-22.33137826421038","-49.096775499711526"
"2611","79a679c36c08d606b3fd47ead9de109b","SAO PAULO","-23.46658982202164","-46.63928171838316"
"3363","1cbd32d00d01bb8087a5eb088612fd9c","SP","-23.561090936724526","-46.53888007660566"
"9541","7a9c12e235c36247c3c81f50d6ea9cea","SAO CAETANO DO SUL","-23.62106552207278","-46.56481250291418"
"18070","5b92bfa4120daa27c574daa2e386c693","SOROCABA","-23.47779747737896","-47.48145219317328"
"13232","4c03b9dd4c11ee2cb35c96c49efc9420","CAMPO LIMPO PAULISTA","-23.207064313532694","-46.760735214610754"
"18055","a17f621c590ea0fab3d5d883e1630ec6","SOROCABA","-23.489741556206333","-47.509921178602326"
"5141","8f2ce03f928b567e3d56181ae20ae952","PIRITUBA","-23.493067637803673","-46.730372673466434"
"7062","67e43d802fde8cfd3f9580124f8167d1","GUARULHOS","-23.464698537884473","-46.54732435567544"
"7091","ffc470761de7d0232558ba5e786e57b7","GUARULHOS","-23.464392221253405","-46.54273714209829"
"16200","9cad4b68bb993ee401a3c5aaa2bc26dd","BIRIGUI","-21.308088946281057","-50.338197080424436"
"19013","0ffa40d54288e4f3499b8780dd0f144f","PRESIDENTE PRUDENTE","-22.12947979600667","-51.3915163426337"
"3345","0ac4201fda2c68ebc0e47cb9423cf3c9","SAO PAULO","-23.573423597337367","-46.56044110973281"
"3448","e9c6969d40e6a3d2d0f90013165c2b98","SAO PAULO","-23.55326966472387","-46.520630109354244"
"9541","b839e41795b7f3ad94cc2014a52f6796","SAO CAETANO DO SUL","-23.62001447100232","-46.56389282653356"
"4674","fce62094ffe6a4009188ec44e681dfdd","SAO PAULO","-23.664255516792647","-46.68857909339831"
"4771","66e0557ecc2b4dbea057e93f215f68d8","SAO PAULO","-23.680608736886143","-46.711410098245764"
"9220","e5bd51692380fd8cabb19b756b95e714","SANTO ANDRE","-23.624784000000005","-46.53954225000001"
"13084","606ce7768feac12c5e8bd58db8b08f0f","CAMPINAS","-22.81905949374732","-47.09337872045235"
"2066","1e8b33f18b4f7598d87f5cbee2282cc2","SAO PAULO","-23.50841976833352","-46.603879572650094"
"2310","0692610d8abe24f287e9fae90ea0bbee","SAO PAULO","-23.4719444074384","-46.59864459256161"
"8710","bc07d855eac23aab5ac8a120f21d16b2","MOGI DAS CRUZES","-23.5237205448882","-46.19576630243961"
"13487","7238a95bb63ef7e498389fb863b834a1","LIMEIRA","-22.578996316420557","-47.371561275204314"
"9912","77a515caa36327151d1cc6c32a9f00e1","DIADEMA","-23.687830870996216","-46.61065511474994"
"12240","340636a908b13bbe0f4fb63fbe1d0c03","SAO JOSE DOS CAMPOS","-23.23009940009024","-45.90094499999999"
"14055","bf961104a38e01b9062ee026bb657dee","RIBEIRAO PRETO","-21.156499540106182","-47.82475842423105"
"4310","92992bec39dde5766f590d3b1f46d465","SAO PAULO","-23.631559910352593","-46.6425834888915"
"7747","40536e7ca18e1bce252828e5876466cc","CAIEIRAS","-23.390882787090632","-46.71565843233893"
"3470","b2ba3715d723d245138f291a6fe42594","SAO PAULO","-23.572820577298156","-46.523296403831715"
"12941","d7ab82074b5f1dfba46db123df101bff","ATIBAIA","-23.118713999999994","-46.537147034380986"
"14090","2f09f7d37a97956d11cc1a7cadd5262b","RIBEIRAO PRETO","-21.18315442798196","-47.77884946127879"
"9380","89dda63a3c907c468ec88c310ed91213","MAUA/SAO PAULO","-23.65692290399253","-46.468809222793574"
"13820","db7ed69a53aa9fb1c01930ba54a88bbe","JAGUARIUNA","-22.70661946272503","-46.98550047076562"
"5634","f918546be4bec7104d117789ba758b2b","SAO PAULO","-23.608349214265107","-46.73536441534424"
"18048","f92d8c817434bd2d84d4e9c61322b7fa","SOROCABA","-23.53401196947312","-47.46735238343239"
"9694","1a6245add4353f18ed55138808906979","SAO BERNARDO DO CAMPO","-23.67148457186524","-46.580934667739065"
"6286","e00d85ce20ea50c1224c66ca5050527d","OSASCO","-23.505455890385946","-46.77386330890418"
"2969","89bc797e2e29667aa035d4368f9b7f92","SAO PAULO","-23.48615388842405","-46.71456818137228"
"19804","5d3bb11474a06bdc23fb9e89f1164ee0","ASSIS","-22.66272240238052","-50.43776522959186"
"9111","bbd3acfe6de99892e73940d3fdceaf68","SANTO ANDRE","-23.664684572854757","-46.503345703445056"
