"seller_id","seller_zip_code_prefix","seller_city"
"3442f8959a84dea7ee197c632cb2df15","13023","CAMPINAS"
"d1b65fc7debc3361ea86b5f14c68d2e2","13844","MOGI GUACU"
"c0f3eea2e14555b6faeea3dd58c1b1c3","4195","SAO PAULO"
"51a04a8a6bdcb23deccc82b0b80742cf","12914","BRAGANCA PAULISTA"
"1b938a7ec6ac5061a66a3766e0e75f90","16304","PENAPOLIS"
"768a86e36ad6aae3d03ee3c6433d61df","1529","SAO PAULO"
"a7a9b880c49781da66651ccf4ba9ac38","13530","ITIRAPINA"
"8bd0f31cf0a614c658f6763bd02dea69","1222","SAO PAULO"
"05a48cc8859962767935ab9087417fbb","5372","SAO PAULO"
"f9ec7093df3a7b346b7bcf7864069ca3","5138","SAO PAULO"
"4e6015589b781adaa5ce7f1892d06bb1","11440","GUARUJA"
"4cf490a58259286ada5ba8525ba9e84a","14910","TABATINGA"
"f7496d659ca9fdaf323c0aae84176632","4156","SAO PAULO"
"2ff97219cb8622eaf3cd89b7d9c09824","13320","SALTO"
"116ccb1a1604bc88e4d234a8c23f33de","9850","SAO BERNARDO DO CAMPO"
"430315b7bb4b6e4b3c978f9dfa9b0558","4857","SAO PAULO"
"406822777a0b9eb5c50e442dd4cd3ec5","18500","TATUI"
"e9e446d01bd10a97a8ffcfc4a3a20cb2","2261","SAO PAULO"
"d9a84e1403de8da0c3aa531d6d108ba6","3562","SAO PAULO"
"1f9ab4708f3056ede07124aad39a2554","17602","TUPA"
"1961c3e1272bfeceb05d0b78b5bbfdaf","7241","GUARULHOS"
"ec2e006556300a79a5a91e4876ab3a56","3445","SAO PAULO"
"b2a6d334e2833acea353624840e25a0e","4133","SAO PAULO"
"c0f783394e37cd9c9d7f5f81141450fa","13416","PIRACICABA"
"8759e7aedd644f487315e5860962f162","9251","SANTO ANDRE"
"e546117ed9cafbc40239c0c78635c584","4705","SAO PAULO"
"d71d863e5ef30d94e440c11be17dcd8f","6144","OSASCO"
"0c7533c71df861ec58ad7ff999ed0e8d","13270","VALINHOS"
"41e0fa5761c886a630994a55c12087e7","11446","GUARUJA"
"cbbd5ae8f53de5f5097cd8217b529e24","6544","SANTANA DE PARNAIBA"
"02ecc2a19303f05e59ce133fd923fff7","9121","SANTO ANDRE"
"c013e57c075a06e5b5c48ee03c525719","13568","SAO CARLOS"
"55f7a3319d80f7fdf078b8f03e6725fe","6056","OSASCO"
"2d50d6282f8aa2257819a77bfaa0efe0","14940","IBITINGA"
"b7e1750c1157341d2abd0251e07c186b","5741","SAO PAULO"
"a416b6a846a11724393025641d4edd5e","3702","SAO PAULO"
"7e93a43ef30c4f03f38b393420bc753a","6429","BARUERI"
"5206cc4bc2297c833e6061c49bf9c43f","6192","OSASCO"
"f410c8873029fcc3809b9df6d0b28914","95076","CAXIAS DO SUL"
"ef506c96320abeedfb894c34db06f478","3569","SAO PAULO"
"b2479f944e1b90cf8a5de1bbfde284d6","14940","IBITINGA"
"7722b1df1b0e383e000397b2c11e3e19","9715","SAO BERNARDO DO CAMPO"
"3296662b1331dea51e744505065ae889","15805","CATANDUVA"
"411f3b52d857390502ee4e4d5ceabc2d","9400","RIBEIRAO PIRES"
"bba3293d6f5d5af2f415e004e8b93ae3","4726","SAO PAULO"
"4e7c18b98d84e05cbae3ff0ff03846c2","14882","JABOTICABAL"
"b56906f7fd1696e043f1bcce164c487b","19830","ECHAPORA"
"d650b663c3b5f6fb392b6326366efa9a","6713","COTIA"
"c2d70ce2c5d0a2eb75e78668236e6dc8","4275","SAO PAULO"
"674207551483fec113276b67b0d871ff","18040","SOROCABA"
"1996942dc085d7773ba77a529b163cd0","14850","PRADOPOLIS"
"7cf4ea70955b00d6b3c22542598e2715","1125","SAO PAULO"
"83353a83fd769dfafa4f21a72b15e3e5","5786","SAO PAULO"
"cda598c48d7c614bc1cad7d8ff6f0010","15137","MIRASSOL"
"d4910f1cdcfdabd48d6b316e395d4a23","9190","SANTO ANDRE"
"709e16e2b25c7474d980076c6bfc4806","16200","BIRIGUI"
"9dc79dd988ac42f4d56c340d7048420a","3569","SAO PAULO"
"422be4cc81a457fdb46f47edeb968ae5","14940","IBITINGA"
"99cd94252748d2bdde08e17858233602","12401","SAO PAULO"
"698624c6632eeba1774924dbea24c700","1425","SAO PAULO"
"8bb48dc19fccaa8613b6229bf7f452a2","19803","ASSIS"
"ad87df7699e83b8a91822a4a0b765c3a","13820","JAGUARIUNA"
"d6b664fa0667064c6d76394e7848d790","14801","ARARAQUARA"
"62760d278921b5f352461620d68a9cee","13320","SALTO"
"eb72802c83dc7547529c9546d1a9b8ef","13504","RIO CLARO"
"1d4587203296c8f4ad134dc286fa6db0","5101","SAO PAULO"
"791cfcfe22fe4a771ece27f90017da92","14010","RIBEIRAO PRETO"
"37be5a7c751166fbc5f8ccba4119e043","4248","SAO PAULO"
"87d73636a3acf123e842bb890a4db036","15190","NHANDEARA"
"3d3ccf2b2f8134b10dce9dd446f0e075","14940","IBITINGA"
"e24d3429d294b2eb200b064ebb035879","3514","SAO PAULO"
"05ca864204d09595ae591b93ea9cf93d","6465","BARUERI"
"9d39404483343dd55c7ae254494d8388","1044","SAO PAULO"
"0692610d8abe24f287e9fae90ea0bbee","2310","SAO PAULO"
"7b07b3c7487f0ea825fc6df75abd658b","2016","SAO PAULO"
"e5899683388855d3dabe8913bbe365de","13575","SAO CARLOS"
"784ba75dd9d20200c4caed3d7a77141a","1040","SAO PAULO"
"099095b050cfe8eb1ddff5317587e96e","3322","SAO PAULO"
"ea00f977a203ff88adf7057cb7806998","11085","SANTOS"
"82e0a475a88cc9595229d8029273f045","3417","SAO PAULO"
"ed4acab38528488b65a9a9c603ff024a","8260","SAO PAULO"
"fce62094ffe6a4009188ec44e681dfdd","4674","SAO PAULO"
"ebef8d8c92b4fd3226e5d407bbff21ac","14020","RIBEIRAO PRETO"
"26e13b6ff5b641b329e5524241ee2c93","14401","FRANCA"
"b18dc380845b24038cfc48006478f099","9951","DIADEMA"
"f22a247b79dd22ecd91dc8e3b2a1b07c","8573","ITAQUAQUECETUBA"
"889009a0ed0bb52c87819941192931b8","18682","LENCOIS PAULISTA"
"ffc470761de7d0232558ba5e786e57b7","7091","GUARULHOS"
"4c498c7345e89aebad651544829beca0","6341","CARAPICUIBA"
"024b564ae893ce8e9bfa02c10a401ece","3280","SAO PAULO"
"a513150f33f99a06569e9cd5c4bb889b","1545","SAO PAULO"
"c1dde11f12d05c478f5de2d7319ad3b2","1026","SAO PAULO"
"f12ff17ad8bbf01ec5c33b17e506649b","3186","SAO PAULO"
"a64e44665225d19dfc0277eeeaaccc57","19400","SAO PAULO"
"6a8a889bde935bafa76d7848782dfaf9","2839","SAO PAULO"
"d6cd01c59123df02fc226eadbadb5f89","1207","SAO PAULO"
"c8e135e7b21ecbc36c1153a29d2f5a06","1411","SAO PAULO"
"f9a02f1922d1de564392e656d82b3fda","8502","FERRAZ DE VASCONCELOS"
"9523fb39dd240aa958e040f8183d64f3","1541","SAO PAULO"
"95ec4458365c4d11f452ccf538377619","13481","LIMEIRA"
"6ec1a01e866584bb679eb9b098345919","11040","SANTOS"
"f6122bc84774df1b372bdb3bb88ddb9f","6436","BARUERI"
"fa40cc5b934574b62717c68f3d678b6d","2310","SAO PAULO"
"c0098efcf800861dcae589affca31408","14080","RIBEIRAO PRETO"
"48b6c3f4c6a93171da04b75313f2130f","17700","OSVALDO CRUZ"
"270d3ef21830ad0ecf3a6c53d08a533a","6380","CARAPICUIBA"
"89c127985a8b130cfa45c1d36764017a","6016","OSASCO"
"8e34331b7eedd03be4e5d965c1956225","4009","SAO PAULO"
"11d4c477d09821164bca4f70a2eae031","14075","RIBEIRAO PRETO"
"ff314fa6033cc68ec451c47aee2d6ba4","5424","SAO PAULO"
"e819bcfade7b5d88a27325eb6cfd62c5","7242","GUARULHOS"
"6d2f2e3b539480db1e0842b3a4e32e6e","7051","GUARULHOS"
"e88165a185134e13fdfc85d4fa654db8","8517","FERRAZ DE  VASCONCELOS"
"9e6229250fedbe05838fef417b74e7fb","16800","MIRANDOPOLIS"
"817245bcc3badd82bbd222e0366951a6","17056","BAURU"
"caa9bc43a9fe8cf9c564ddd8a03cc4a6","12308","JACAREI"
"615005a3ef192c00c6f0e977cee3d2bc","13304","ITU"
"1284de4ae8aa26997e748c851557cf0e","85301","LARANJEIRAS DO SUL"
"5fd924b4836098a5be0ecf81ba054ce0","3554","SAO PAULO"
"3f995f07c49d0d55a99d5c54957f7d81","6853","ITAPECERICA DA SERRA"
"6650fcccd8cd2f7e55ffa524f30c4c59","8490","SAO PAULO"
"8b181ee5518df84f18f4e1a43fe07923","87360","GOIOERE"
"10ff823eda2b032e2c93d17a7d294736","17280","PEDERNEIRAS"
"b4a476fbd28de64b1e347abf9089366a","6653","ITAPEVI"
"dadc51ef321949ec9a3ab25cd902e23d","4821","SAO PAULO"
"14a08204d03bb6b6bde8029f801ae0eb","1026","SAO PAULO"
"bee36b4f9a2b9fdcaff6ec05df202ed0","3308","SAO PAULO"
"c85d7b477a709c85a1e8b8f25aa1b270","9640","SAO BERNARDO DO CAMPO"
"5cf1ec37aea089f45110c70653a166ab","2215","SAO PAULO"
"0a82f5fb06a4fe4ac2cf7cb412ec71b8","5524","SAO PAULO"
"3d621842b2ed28e2b474132480edac3c","8041","SAO PAULO"
"baf15155e37ef5492731459bdc05be8a","5715","SAO PAULO"
"a17f621c590ea0fab3d5d883e1630ec6","18055","SOROCABA"
"4deebb3199eeafb282ae33229144f94b","2112","SAO PAULO"
"9d69ba0a7a626a64dc5db08e529559cf","14075","RIBEIRAO PRETO"
"f92d8c817434bd2d84d4e9c61322b7fa","18048","SOROCABA"
"8ca5b19e0263150d2c57afdde2b3d011","9336","MAUA"
"eec3469d83e142f9a104886655338c37","17030","BAURU"
"55bb6fe5bebe5012e2d7d9928e1128ff","17052","BAURU"
"d6b1ce66b035a475f00c017792ff9769","13327","SALTO"
"c3aad7dc65449ae90a5e9c3c6c1e78e0","15350","AURIFLAMA/SP"
"ececbfcff9804a2d6b40f589df8eef2b","14407","FRANCA"
"a254c682cc01e119f83530446f1df9a9","16500","CAFELANDIA"
"830379336fad8c6f3b15a4a3ddb5c66e","2518","SAO PAULO"
"7d13fca15225358621be4086e1eb0964","14050","RIBEIRAO PRETO"
"b8555308bfdb4ca1ed54325a58da9a97","9751","SAO BERNARDO DO CAMPO"
"71593c7413973a1e160057b80d4958f6","3407","SAO PAULO"
"1dc2de47ee26a0a5b12dc14fd6dc0dea","14940","IBITINGA"
"66d5ae34537110d3affc56174dad2b2f","15062","SAO JOSE DO RIO PRETO"
"781a66c0d89e30814d49fe8b5e14cd07","13064","CAMPINAS"
"f88adb15807168d3c43d71021090ce4a","13660","PORTO FERREIRA"
"f12d3c2a14729ae461b920c11fe20fdc","9080","SANTO ANDRE"
"741f8c587cb4248ebc5b779a0e8e0e51","9110","SANTO ANDRE"
"4bcec44888b30ba9001234c534716d3f","9230","SANTO ANDRE"
"a663d9c3797e90eac99ff60939416a56","3951","SAO PAULO"
"dff87e4de60c9736ce8df835951b09bc","3172","SAO PAULO"
"ac1ed5fc15901fbc92920361eb4ab350","3334","SAO PAULO"
"ac9b01377919cdbd2a1bbb8d5837c70b","8773","MOGI DAS CRUZES"
"5011f0d93373a4c5753adf58ca77af8d","11013","SANTOS"
"a4e634166243bbb3a13fa584463fa468","6286","OSASCO"
"50bf89f1349bc0409a268c3a49678009","15155","JACI"
"7aa4334be125fcdd2ba64b3180029f14","18500","LARANJAL PAULISTA"
"b14db04aa7881970e83ffa9426897925","18048","SOROCABA"
"fac1a9017ade7bdc94058fc1c969f355","1126","SAO PAULO"
"31ae0774c17fabd06ff707cc5bde005f","13478","AMERICANA"
"f0ec6a2adb05c62655a26dd347b8dede","1303","SAO PAULO"
"cc1f04647be106ba74e62b21f358af25","2739","SAO PAULO"
"3d700782d7818f2c1e0d7a9e9d75fc00","86170","SERTANOPOLIS"
"a3e9a2c700480d9bb01fba070ba80a0e","14940","IBITINGA"
"80f2cf9abf6b5a0e5c612b5eea6646e6","15046","SAO JOSE DO RIO PRETO"
"9f505651f4a6abe901a56cdc21508025","4102","SAO PAULO"
"17adeba047385fb0c67d8e90b4296d21","7052","GUARULHOS"
"7142540dd4c91e2237acb7e911c4eba2","16301","PENAPOLIS"
"9b013e03b2ab786505a1d3b5c0756754","11450","VICENTE DE CARVALHO"
"5444b12c82f21c923f2639ebc722c1ea","2051","SAO PAUO"
"2e7ea2aafec5835e781b21d6d1faf1f1","2820","SAO PAULO"
"e503f22be6a4f456d9851920a5d9c670","4508","SAO PAULO"
"88af55b4a7ca402b27df16f7c7c9b5d2","6775","TABOAO DA SERRA"
"5f3ae9136c875522250f8184f253413a","1550","SAO PAULO"
"9dd459b29a14bf89d47183cf2cd0e4c7","4716","SAO PAULO"
"8e6d7754bc7e0f22c96d255ebda59eba","12233","SAO JOSE DOS CAMPOS"
"e250d617a0ad591ba9bd663e584a895d","7084","GUARULHOS"
"92c8bc6e8f925792247656fed09aad65","3384","SAO PAULO"
"cbd996ad3c1b7dc71fd0e5f5df9087e2","15081","SAO JOSE DO RIO PRETO"
"8daab2245ebdc277c51098d01c5ad8ef","8411","SAO PAULO"
"15b3b1b81484422eb41df68ac87f1f50","17047","BAURU"
"e067ad2c1c0b48758eb1b5228bcf7a68","11045","SANTOS"
"f626e15b7314c267e4429010866f70e9","85960","MARECHAL CANDIDO RONDON"
"a7c88262832dfc683781d6a421edefae","8710","MOGI DAS CRUZES"
"4e85b538b0dad58852641540686d0e14","12238","SAO JOSE DOS CAMPOS"
"093805f8f2aeb63881444571e1f48f30","6236","OSASCO"
"5acd070dd3fe441bbb2ec1f1ede515ee","13203","JUNDIAI"
"cb9fb4ca75d7ba8437480e8dde64fe98","3551","SAO PAULO"
"ce33c6211beaa8fef4cae8b52db39862","8655","SUZANO"
"7f02656561b680def9986c0795a8a080","1417","SAO PAULO"
"8fd3b4468f6425810648177996c14cbd","15015","SAO JOSE DO RIO PRETO"
"6d803cb79cc31c41c4c789a75933b3c7","14600","SAO JOAQUIM DA BARRA"
"5f2684dab12e59f83bef73ae57724e45","5125","SAO PAULO"
"f97e2b0650c2068227e1d366140eb62f","13830","SANTO ANTONIO DE POSSE"
"8b321bb669392f5163d04c59e235e066","1212","SAO PAULO"
"d06d019f72a04e5497a0b64190af170c","6703","COTIA"
"ec80e49e69745ab6c14f984bf2149423","13480","LIMEIRA"
"004c9cd9d87a3c30c522c48c4fc07416","14940","IBITINGA"
"3bdff180c7e1f6551a643b99c265a120","4811","SAO PAULO"
"aced59e9b31ef866a94f9e7f29d8d418","3306","SAO PAULO"
"3dc69bf2c42f0568a5c4791ec3fd3745","2880","SAO PAULO"
"d8d9567d0bfb0bc7eb845a205ba42657","3688","SAO PAULO"
"c42fd8e4d47dfb18ce5222f2dd7752f9","6246","OSASCO"
"a7c53f6b3b61adbdaa99dda97e8cbd56","14780","BARRETOS"
"a11a0e0ca67423425691db355cff69b0","13330","INDAIATUBA"
"fc0b214b59a83615fea981c6424a02ae","9380","MAUA"
"011b0eaba87386a2ae96a7d32bb531d1","17580","POMPEIA"
"822b63912576852aea9a8436d72317b7","13840","MOGI GUACU"
"a3fa18b3f688ec0fca3eb8bfcbd2d5b3","4557","SÃO PAULO"
"5587130f9850696ed7fafbc91c2cee44","4311","SAO PAULO"
"9c1c0c36cd23c20897e473901a8fb149","11702","PRAIA GRANDE"
"34a557286ead8fe75c989e0afcf7d98c","14406","FRANCA"
"c716e0b86ed568878475b60fbb6323ad","22783","RIO DE JANEIRO"
"87d30a6a0cbf89356e49324971ab1d24","2036","SAO PAULO"
"217f005bb37ff3aeef5b2ae1788e75ba","6038","OSASCO"
"aba1721a889e04decc910aa13b768ef4","5729","SAO PAULO"
"7238f877570096ae403c51898fa64566","6519","SANTANA DE PARNAIBA"
"044668ccd5316b12a7cf0d54a156e3e9","6016","OSASCO"
"cab85505710c7cb9b720bceb52b01cee","2252","SAO PAULO"
"312ba1d77e9c332ef21f9598b7f64cd7","7179","GUARULHOS"
"1fdc574883ef3b33ad41562d93f3a74a","13480","LIMEIRA"
"9a03a4e9eb0b947652fae4f6121a3f5e","15805","CATANDUVA"
"3df020b72d3d44b3af9d110fa3940b65","15704","JALES"
"c611f4ce9ce875bcc063fa97fd4d7d12","12944","ATIBAIA"
"0d33a55da925bbf1ff02af5f6059fc7f","5632","SAO PAULO"
"cea729054f157f5870bdd321a958d994","3161","SAO PAULO"
"955fee9216a65b617aa5c0531780ce60","4782","SAO PAULO"
"0f0c984a4a955310903b6b6008660bad","14403","FRANCA"
"751bdc4d83a466c7206cd42e8f426b03","9405","RIBEIRAO PIRES"
"2f4b0d3b9634b647d4edee577d7ebb7e","2310","SAO PAULO"
"ba5daa4041e1f15cdf34b76e3e18a450","4363","SAO PAULO"
"6e386f64c84e482f0b9abf960797ee1b","1539","SAO PAULO"
"83c465a786b06574376909b35ef6752a","13560","SAO CARLOS"
"d93b8458c6fe139d85cfa5eadbf55bd2","2238","SAO PAULO"
"71592660bbcb6a4664e97b6f8b68babc","15055","SAO JOSE DO RIO PRETO"
"38f276ca6e7cc95a6d1bb55ac9e5550f","17520","MARILIA"
"eae9af4811c294c56795d70e715b7337","3060","SAO PAULO"
"039b29ff3b3473435d0cd59040575de9","9443","RIBEIRAO PIRES"
"ac51cac5e20d69ff485a54746488ef48","14096","RIBEIRAO PRETO"
"085f6f7e049c996695fb2074fe38d45e","12020","TAUBATE"
"7d7866a99a8656a42c7ff6352a433410","1320","SAO PAULO"
"5a93f3ab0ef4c84ed5e1b5dbf23978bc","12250","MONTEIRO LOBATO"
"e1b12447a7563944843191754aeb5562","7145","GUARULHOS"
"d3f39f05462b79a4562d35893a28f159","13730","MOCOCA"
"528ce32f560edd11add4169f6a5b65be","18130","SAO ROQUE"
"0176f73cc1195f367f7b32db1e5b3aa8","14940","IBITINGA"
"ceaec5548eefc6e23e6607c5435102e7","3821","SAO PAULO"
"c8771b1a10bb99bb34d3c459c5cffb53","36512","TOCANTINS"
"83f2b4881141ce3fcd4e985125d3279e","14055","RIBEIRAO PRETO"
"b0b346d3a89f5eb4c2968af3f083cd43","13105","CAMPINAS"
"3dfd3dc96f7f8598eca74e9ac8a2fa31","3343","SAO PAULO"
"e5545d4d4473876ea78c5bcebca365c3","17512","MARILIA"
"6ddc28b61be28373b4503a1f61cf98a9","3543","SAO PAULO"
"5670f4db5b62c43d542e1b2d56b0cf7c","3694","SAO PAULO"
"e1c76f339ebd5460999f25a2aa8c92c5","3029","SAO PAULO"
"6524b847b982cd56bb5d4b02b776ee42","13042","CAMPINAS"
"610f72e407cdd7caaa2f8167b0163fd8","1201","SAO PAULO"
"b6d44737c043328708f6749c2dbe50bd","9230","SANTO ANDRE"
"38af8acfd46ac4a7bf754e8ca6736664","4364","SAO PAULO"
"d90fe2229fee1a5da999ccd0c06c1667","3416","SAO PAULO"
"75fdd0a732287f9497b179f6bd445d32","9350","MAUA"
"5b2e94f2c22b39ccc24d34ad0f669672","1214","SAO PAULO"
"9ac75591b69c3402684b6ce0310f22ee","2880","SAO PAULO"
"e5bd51692380fd8cabb19b756b95e714","9220","SANTO ANDRE"
"cfb1a033743668a192316f3c6d1d2671","18110","VOTORANTIM"
"f2336e113377dd21c744d9c4fc8293a9","3659","SAO PAULO"
"f25e239052084705e17a982bc600ab2a","1123","SAO PAULO"
"714b9a1332840f257b49f476bea4e341","15910","MONTE ALTO"
"89d9a386b0b6e5fc8403071b03f7206a","3103","SAO PAULO"
"bd15ee794d5e640d9dd71b665b2ab15b","14078","RIBEIRAO PRETO"
"f326006815956455b2859abd58fe7e39","15601","FERNANDOPOLIS"
"6a51fc556dab5f766ced6fbc860bc613","17500","MARILIA"
"ea6b12bf9ffe2bac34602ec631d97a47","7093","GUARULHOS"
"fa7ad8ae9bcb2c4493fdf38e96b1d74f","13920","PEDREIRA"
"67e43d802fde8cfd3f9580124f8167d1","7062","GUARULHOS"
"259f7b5e6e482c230e5bfaa670b6bb8f","8550","POA"
"dd7ddc04e1b6c2c614352b383efe2d36","3471","SAO PAULO"
"1f50f920176fa81dab994f9023523100","15025","SAO JOSE DO RIO PRETO"
"26b482dccfa29bd2e40703ba45523702","13450","SANTA BARBARA D´OESTE"
"2ba91c7ad80ff88b23b7db823b43c233","13310","ITU"
"d93919c944be9cff128f6c9cb899eacb","13375","MOMBUCA"
"f7ba60f8c3f99e7ee4042fdef03b70c4","9628","SAO BERNARDO DO CAMPO"
"0ee4fb99ac55ffbbc98795aa01b7f8fa","6539","SANTANA DE PARNAIBA"
"002100f778ceb8431b7a1020ff7ab48f","14405","FRANCA"
"70ee69419916dc13e3aed619061f996c","8780","MOGI DAS CRUZES"
"6eb94e1466490d327a09abf8f3552a50","13219","JUNDIAI"
"8ff1a9df749e454105c55cda13e79143","17509","MARILIA"
"5236605f4d4b0b3e4df85b850393fca0","3311","SAO PAULO"
"45c20d94d9171b0bcfab3c955e47d67b","13490","CORDEIROPOLIS"
"4e5725ba188db8252977a4f0227bd462","14092","RIBEIRAO PRETO"
"e4f121bf6ef8b9a1d4d3e65dd0473fab","15085","SAO JOSE DO RIO PRETO"
"eebb3372362aa9a46975164bed19a7e7","4578","SAO PAULO"
"e5a38146df062edaf55c38afa99e42dc","1233","SAO PAULO"
"80cfd480be3eb6d6267139f5cb793555","8223","SAO PAULO"
"62c50c1af4dfdc4149d25c5222043d39","4782","SAO PAULO"
"6548c2550b6e2d8f18053216e1c7b6f3","9920","DIADEMA"
"f45122a9ab94eb4f3f8953578bc0c560","13419","PIRACICABA"
"6481e96574816ead57975da2c0f6d80d","18072","SOROCABA"
"e8dba4d70f7f2b20e775d09cae01142d","13456","SANTA BARBARA D OESTE"
"13e85aac53340018b40c2af68001b7e0","13920","PEDREIRA"
"48436dade18ac8b2bce089ec2a041202","27277","VOLTA REDONDA"
"f5f2ab9bdb6b30c14c61be68c5ed37da","13660","PORTO FERREIRA"
"c76d418370990614e89e956c7a7567d9","6787","TABOAO DA SERRA"
"ea846a0e7ad98a741783e886d89dfa44","16072","ARACATUBA"
"69b5eaa096c3f9d1e5c398c597f567d6","16200","BIRIGUI"
"5b92bfa4120daa27c574daa2e386c693","18070","SOROCABA"
"fc38b5dceee1a730fad8853453437fbd","13073","CAMPINAS"
"04aa0a1c5ce6b222003403a3e11c3cc0","13150","COSMOPOLIS"
"ede0c03645598cdfc63ca8237acbe73d","14092","RIBEIRAO PRETO"
"1e47defeeadeca0e9a18fa5a9311e735","15800","CATANDUVA"
"a7b7354cc588f7566a848bcbb1ce3d96","1215","SAO PAULO"
"a7dc4098e4da6e41b426269d12ae7e91","4386","SAO PAULO"
"918717417d88a9f9ae9735567e6c7682","5547","SAO PAULO"
"f19516b9ff26bfeb091b30108db4ddbd","13160","ARTUR NOGUEIRA"
"ed8cb7b190ceb6067227478e48cf8dde","11015","SANTOS"
"97e50a621f8e801f4baf69e08687c192","4209","SAO PAULO"
"a21c11ec5c3f03e7cc9f9203bff9e1c6","6513","SANTANA DE PARNAIBA"
"52092ddbd3a58c450a4459bf051b2287","17300","DOIS CORREGOS"
"f1198c871e0171278b63f40d112caeec","1220","SAO PAULO"
"289cdb325fb7e7f891c38608bf9e0962","31570","BELO HORIZONTE"
"8a207b6080964f3c1fc9d35bd6096ba4","15155","JACI"
"fa1c13f2614d7b5c4749cbc52fecda94","13170","SUMARE"
"3504c0cb71d7fa48d967e0e4c94d59d9","9350","MAUA"
"de09d00cfc265b8804c7df34075a68fa","2118","SAO PAULO"
"638cba8be1fb599bbb76fd6948351eb3","12242","SAO JOSE DOS CAMPOS"
"fbc14c0cf93505ef89f64665ffa4a7b5","14150","SERRANA"
"c3ee2331a724e6fc02c4b698b57a73f3","5108","SAO PAULO"
"df47da4ae86fa4db890d05aaf24e21d8","4360","SAO PAULO"
"e644cbadf7eeb30d0d29f335ce7d52ec","3029","SAO PAULO"
"2bdb95a56a36ebbc6640337ac5eac174","4054","SAO PAULO"
"324583d68897f5ddbaf38f6248322176","15046","SAO JOSE DO RIO PRETO"
"96493fab2fbb13a14d0c0e8772eef5c3","5537","SAO PAULO"
"d4ffeb15b67e81ff9af2b4252d99fb7e","12943","ATIBAIA"
"b5d034ac251546e25afe9067f05c1539","6852","ITAPECERICA DA SERRA"
"a150c540f572d0fb53992264bc5c10b5","18035","SOROCABA"
"7c1fea10b5b006671d608b1d7c446ec4","18550","BOITUVA"
"b6e1504972665f739dec4facb9943775","13405","PIRACICABA"
"f76a3b1349b6df1ee875d1f3fa4340f0","3275","SAO PAULO"
"99eaacc9e6046db1c82b163c5f84869f","14400","FRANCA"
"ab75b89cc49c9ab3160d0c91565a442a","17604","TUPA"
"08084d990eb3f53af056ccbc1730c8a7","3612","SAO PAULO"
"d85efbc8eff2b7adf524e2820569adc8","5268","SAO PAULO"
"23613d49c3ac2bd302259e55c06c050c","13660","PORTO FERREIRA"
"87d3c3aeb3ead335511b3ce315eb341e","3059","SAO PAULO"
"93b9a99027bd8bd6af682aff18dd19bf","7600","MAIRIPORA"
"0bf0150d5b9d60d9cd2906003332f085","1547","SAO PAULO"
"7ecef8194babfec876ca720714327841","13041","CAMPINAS"
"87b4428a334b8f676fd9a7f3bf544fb5","16480","GUAIMBE"
"dcb7367a92f5ffb89f1e2152ed260285","17700","OSVALDO CRUZ"
"513a54369b6a8a6602fcb0e129c6d78d","9862","SAO BERNARDO DO CAMPO"
"e0487761face83d64fcada2408959a36","1021","SAO PAULO"
"9996ae921c50e8dff411ac69c0b4bb8b","17605","TUPA"
"c8cc60ffd415254af5d9b9f34f32c369","18053","SOROCABA"
"2138ccb85b11a4ec1e37afbd1c8eda1f","8250","SAO PAULO"
"83d458c0d6d4f94295d63f091460bd60","29101","VILA VELHA"
"ef30892870c278497523264be1be2241","14801","ARARAQUARA"
"d5b9a084373da994a6e37f732169a853","9182","SANTO ANDRE"
"fe87f472055fbcf1d7e691c00b1560dc","13085","CAMPINAS"
"f46490624488d3ff7ce78613913a7711","7194","GUARULHOS"
"e8b4225284fbb02d16f200513f1f395d","14960","NOVO HORIZONTE"
"f61c63d13f7cd800549d5acdd390ae72","18185","PILAR DO SUL"
"054694fa03fe82cec4b7551487331d74","15840","ITAJOBI"
"376d67b61dce0c990155286e7ae486a4","4815","SAO PAULO"
"7315baebc0572ff220d226283dc66728","13560","SAO CARLOS"
"4125d9385a25e82d2f72d3a0fd55bc3f","11065","SANTOS"
"c8b0e2b0a7095e5d8219575d5e7e1181","8598","ITAQUAQUECETUBA"
"8ccf3cf69651cc1d8a02c8bfaf3b8568","13504","RIO CLARO"
"391fc6631aebcf3004804e51b40bcf1e","14940","IBITINGA"
"da03c298e3999e9d828591fc2179d109","4041","SAO PAULO"
"49383af7ab774e4e8f3000f49c83dc4b","12080","TAUBATE"
"7994081388d55b9cf976c050653dd359","1244","SAO PAULO"
"e84ad2127668df3aafc6b73531a0beb8","4613","SAO PAULO"
"1a6245add4353f18ed55138808906979","9694","SAO BERNARDO DO CAMPO"
"e9779976487b77c6d4ac45f75ec7afe9","11701","PRAIA GRANDE"
"6b90f847357d8981edd79a1eb1bf0acb","7152","GUARULHOS"
"252e76235acb79183cfca6e34f13337d","13090","CAMPINAS"
"7c5b05cbdb5542049f38d90d7815b97d","5201","SAO PAULO"
"db4350fd57ae30082dec7acbaacc17f9","3126","SAO PAULO"
"4324dd16853115efb0fd9d0d131ba6f4","13720","SAO JOSE DO RIO PARDO"
"6426d21aca402a131fc0a5d0960a3c90","14091","RIBEIRAO PRETO"
"8a432f4e5b471f8da497d7dc517666e2","19042","PRESIDENTE PRUDENTE"
"da3fede3469bf49b7293ce3fc45b294d","8743","MOGI DAS CRUZES"
"20a8b0dc55da94fe74d112082427c84f","13312","ITU"
"bfd27a966d91cfaafdb25d076585f0da","13930","SERRA NEGRA"
"fadb07c842a2aef5d5a676b85f220e71","15052","SAO JOSE DO RIO PRETO"
"6b15924333bd1a741595fe981ea04822","9541","SAO CAETANO DO SUL"
"1c83418358f249c9d6affa52d579db0e","1420","SAO PAULO"
"04e38a233f726ef161074ab1c9b0399a","1239","SAO PAULO"
"1b4b28463457a256e9a784ebe2a8f630","13418","PIRACICABA"
"db7ed69a53aa9fb1c01930ba54a88bbe","13820","JAGUARIUNA"
"f664f98bfda2eaf266a23ff144e7a872","4001","SAO PAULO"
"7ade73f1b9b4e965f9009a4c3a7e2c15","17051","BAURU"
"a369d693961cb93b61ca2cc518872a85","15081","SAO JOSE DO RIO PRETO"
"fb8904a8ea99f8831b64ce27db2c1765","9550","SAO CAETANO DO SUL"
"134285d1f41da5c13a756ee8142c8a4e","2523","SAO PAULO"
"9ed65337433adfbedefd23dd76eaa494","5462","SAO PAULO"
"d9d43faf741ceaa8da52fdbb81d9e0e3","36010","JUIZ DE FORA"
"964ff64dc05b13811c6d0f41e0aa5f6b","4154","SAO PAULO"
"0336182e1b3e92f029d5354832045fdf","14940","IBITINGA"
"b87a7ea0c30fad2dd6781b74a0064859","4133","SAO PAULO"
"84c945f15571830c1a91a33978e94009","2851","SAO PAULO"
"0b0ddbc7b9d9584f442c7ac92b0ff6c9","7052","GUARULHOS"
"5996cddab893a4652a15592fb58ab8db","19010","PRESIDENTE PRUDENTE"
"1690cada046eb7e92c12f98b1f8a8167","1303","SAO PAULO"
"385799a1cddbd26dfeb9157356a42282","4676","SAO PAULO"
"42b729f859728f5079499127a9c2ef37","3910","SAO PAULO"
"179d859f51292aac5c10806a356f7af9","9411","RIBEIRAO PIRES"
"94231344608e603693b0a8891143f65d","91520","PORTO ALEGRE"
"446cc09cdbb130904da114e807dbec40","5615","SAO PAULO"
"00ab3eff1b5192e5f1a63bcecfee11c8","4164","SAO PAULO"
"a435b009cd956ea60748b5cfbddf2e24","14406","FRANCA"
"9b76ad3d04236f76bc71c59470305e13","18550","BOITUVA"
"d7ab82074b5f1dfba46db123df101bff","12941","ATIBAIA"
"9c0e69c7bf2619675bbadf47b43f655a","12230","SAO JOSE DOS CAMPOS"
"94d76e96eedd976258cd3278ce56d5f2","18132","SAO ROQUE"
"4e326052e5dbba8adcd512f3450a307e","8020","SAO PAULO"
"3586b8580d9c917874e053a1bb37b5ff","14802","ARARAQUARA"
"6edacfd9f9074789dad6d62ba7950b9c","7135","GUARULHOS"
"52831e5990d0771cb4951d6f12928167","17600","TUPA"
"9e7c5f4d7770eab65738cca38f9efccf","2562","SAO PAULO"
"334cab711dee080b079fa5779b584783","9190","SANTO ANDRE"
"ccf8813e5a7d6c84d865cd38bfc2b130","12080","TAUBATE"
"8d956fec2e4337affcb520f56fd8cbfd","9780","SAO BERNARDO DO CAMPO"
"e5a3438891c0bfdb9394643f95273d8e","13483","LIMEIRA"
"f9f68daa2af419d38f745478bcb3da1a","13180","SUMARE"
"138dbe45fc62f1e244378131a6801526","2215","SAO PAULO"
"5058e8c1e82653974541e83690655b4a","8583","ITAQUAQUECETUBA"
"9674754b5a0cb32b638cec001178f799","4438","SAO PAULO"
"c161d1327ebc3a156c09582ab2f59f6c","3521","SAO PAULO"
"d3dcf0604eabf0224fbd5948b5e02f69","3654","SAO PAULO"
"35281d148dcf7134bae913c57db4e6da","5171","SAO PAULO"
"76833248bbc0e65a0293ec62023e4396","16200","BIRIGUI"
"0f7eea709efdf942b5f95c7516dbacd7","19865","PEDRINHAS PAULISTA"
"54583ab379489add547fe47b628db589","9810","SAO BERNARDO DO CAMPO"
"0bebbb2cea103a4a020c95d43fd7d754","2515","SAO PAULO"
"9da1ca0bef29ee170e541927a5aeabdc","15500","VOTUPORANGA"
"6c7d50c24b3ccd2fd83b44d8bb34e073","19025","PRESIDENTE PRUDENTE"
"3faf68a3b0af94b10bac70d86077be49","13825","HOLAMBRA"
"05feb94f19d094d4b0f9281f0b1d4c99","8752","MOGI DAS CRUZES"
"07d75e33f2750d97d467fb57e4dfdd8a","2117","SAO PAULO"
"8a8835a43bda99fd37310ad76c457510","9540","SAO CAETANO DO SUL"
"ca3bd7cd9f149df75950150d010fe4a2","4361","SAO PAULO"
"323ce52b5b81df2cd804b017b7f09aa7","3306","SAO PAULO"
"76ea5315acb3f5f7ade3cd261faf922a","4213","SAO PAULO"
"4b1eaadf791bdbbad8c4a35b65236d52","14092","RIBEIRAO PRETO"
"4cc43a222a0f94910728b62b97a8c5f8","14026","RIBEIRAO PRETO"
"bc503e244f187939d10c92a5c8e378ce","16200","BIRIGUI"
"b6f52e346160519c24a23af05410ad32","1254","SAO PAULO"
"c84592044b180dec206770c38603814b","1026","SAO PAULO"
"ba90964cff9b9e0e6f32b23b82465f7b","7140","GUARULHOS"
"15fa791d5e017f66402dc28c44480657","3307","SAO PAULO"
"20d83f3ef0e6925fd74bfd59170babf7","2804","SAO PAULO"
"59417c56835dd8e2e72f91f809cd4092","13480","LIMEIRA"
"23a0ffca143a15b9b5bbdb7d552f626a","13520","SAO PEDRO"
"e7df4cd29ab5abab70fb0783ddb53987","4122","SAO PAULO"
"0432ead42b6c8a0bdf68154add917fdf","9320","MAUA"
"7e959205cebc10adefcb331f934238a4","1223","SAO PAULO"
"2a261b5b644fa05f4f2700eb93544f2c","13660","PORTO FERREIRA"
"f680f85bee2d253556ac91be391d2c82","6365","CARAPICUIBA"
"6902157ee16728322d61a1321fa79e58","1026","SAO PAULO"
"c54679b132454625907c773d273d4126","11443","GUARUJA"
"d26aa40b90272d4843d63be7c1462c8d","3065","SAO PAULO"
"bd697db56ff8e7c9cd1abeb7f72029b2","3533","SAO PAULO"
"483ca627d131e18f988349b1655c0acd","13800","MOGI MIRIM"
"6560211a19b47992c3666cc44a7e94c0","5849","SAO PAULO"
"e3e290b38963293022cdcd6db8328103","1403","SAO PAULO"
"70b52a4cfc823994561b00bad161b4ed","2727","SAO PAULO"
"c1552b1dab6e6f760950368ae61fb600","12215","SAO JOSE DOS CAMPOS"
"596849622429351f47b32e6cae1055ff","8710","MOGI DAS CRUSES"
"e6ffc9ac6a7adc9d16a1cfc2286dd546","2565","SAO PAULO"
"bf0045791395e66460eb04749c68672a","4256","SAO PAULO"
"718539d38d07dd351c76db862760e2e2","13088","CAMPINAS"
"b76f4d90e85657a240495c876313adc5","13185","HORTOLANDIA"
"979e9f8b5b39dd243a2550c8b05aecf0","4160","SAO PAULO"
"4c60877808f4318ef1107fbeb8f89afa","12940","ATIBAIA"
"1927cdb9fa74f5270097f6250e8e8f34","17511","MARILIA"
"20a7efa9721046319bdde5d60b6b5365","88790","LAGUNA"
"febab0275244b9a49a623f0bd613ca2f","13920","PEDREIRA"
"f3da5b2ff499efb8d4a6d371d175d7dd","2407","SAO PAULO"
"436bf27f2f18474fc6047702e9f8a866","13041","CAMPINAS"
"d2f3e277560ed4c6361284429b00f037","12942","ATIBAIA"
"67883baaae6134ee81b271a542613728","1310","SAO PAULO"
"05e107217c7266362fd44b75b2cd4cc4","5353","SAO PAULO - SP"
"1acde099eb406aa220b1169b188b42da","2532","SAO PAULO"
"d97df38225e5abadaff1e72cb72b823c","9560","SAO CAETANO DO SUL"
"45213867cefbf2cd4c6177e10216a951","13603","ARARAS"
"a420f60ff1aa9acc80d0e42959f2b313","5138","SAO PAULO"
"ff4ea69c2a729e83e63c7579e4ef8170","7071","GUARULHOS"
"fa5fdc4e4bb6bd1009ad0e4ac4096562","9111","SANTO ANDRE"
"916748bc99315c2d202898ae58b1617e","18040","SOROCABA"
"bc2ac6b95e1accce9858528ee566c17e","13085","CAMPINAS"
"25debeafbce801fdd479539350185eee","17350","IGARACU DO TIETE"
"02c988090b766852e088c69d7fb3b551","13473","AMERICANA"
"3606774ec64634822d78dc2db6d37045","9510","SAO CAETANO DO SUL"
"c8665a4dd081a2c436b1cd921079d0d9","14750","PITANGUEIRAS"
"6c17baf138731a4aaacc3210adf2037b","14400","FRANCA"
"50c361bcf670d16f6df4d52de3dff924","4131","SAO PAULO"
"c1f12f926d0ba950578b4fa41115cbb6","4317","SAO PAULO"
"8602a61d680a10a82cceeeda0d99ea3d","1001","SAO PAULO"
"c3acdfac4e3e97ff87529454fbc03642","5705","SAO PAULO"
"e63e8bfa530fb16910dd6956e592bb81","7160","GUARULHOS"
"c4f7fee5b0db50e87766f5a4d1b1b758","18085","SOROCABA"
"e908c0f3646e8b60375734a350d95d71","1226","SAO PAULO"
"2646baaf662d4d92ac48f047e35db92d","3303","SAO PAULO"
"13fa2a6c6b9d0f43cb588d7c82117a12","3567","SAO PAULO"
"5343d0649eca2a983820bfe93fc4d17e","9270","SANTO ANDRE"
"7c9130f5f3729edd32aa059141d92484","17400","GARCA"
"e4ebd3f87bf70440014f07ddda7fbe03","19470","PRESIDENTE EPITACIO"
"640e21a7d01df7614a3b4923e990d40c","14940","IBITINGA"
"d57e18d5f73c7ccb7f7339b61166898d","3613","SAO PAULO"
"9d213f303afae4983637247556438ede","14940","IBITINGA"
"079d295dcbf06ee8bb1b65ba964eb2b6","2124","SAO PAULO"
"55c26bcb609f480eb7868594245febb5","14910","TABATINGA"
"cbf09e831b0c11f6f23ffb51004db972","9726","SBC/SP"
"e46bc031f2c5bae4ccb40bb90712e9b4","5174","SAO PAULO"
"fcba71d4d5db057f43249145e4eb1e27","13481","LIMEIRA"
"715bbd5ba4e6b74cb0d2f29eb45058b0","13930","SERRA NEGRA"
"1430239a858e7682bbc43b20758af153","4087","SAO PAULO"
"edc518ba25576a0188a0e8f2c3af186f","7023","GUARULHOS"
"4c18691b6037662be2df78a765d98ab5","3167","SAO PAULO"
"8f2b51a30523cdecddc2f179f351c7d6","4833","SAO PAULO"
"e7f3bf1ecd8526eb7f3b18059e6716e5","11680","UBATUBA"
"2089a6d640999f9b9141ac719b2af596","13566","SAO CARLOS"
"2a167ca73899c85001a837d8fb4962f6","37540","SAO PAULO"
"458c6fa920810ce2492da71bc26d9eec","15813","CATANDUVA"
"7494d0dcba8551df6cf37f1b905dc2f7","11013","SANTOS"
"4f0d637c1197fd65405ebd755ac9f86b","6768","TABOAO DA SERRA"
"3969863bb8af7f72580b3b1ffd3a17b3","3550","SAO PAULO"
"1f7dfad2cb384ea4d2d7e1ffbd78c407","1139","SAO PAULO"
"08f5819815f3d06545011850bd70f0a8","11075","SANTOS"
"7f40d06aa0b5f1aa4f41af8c0480e2ef","13506","RIO CLARO"
"9e17b9d64683aebcbb9ee362d06463b4","14020","RIBEIRAO PRETO"
"7b1222c3624aa89b9558b50a2594188c","15041","SAO JOSE DO RIO PRETO"
"b8114f2f589a6804810f04f99b36b498","9633","SAO BERNARDO DO CAMPO"
"83d7070a0b9a8b4625fa8682b819fabb","6717","COTIA"
"570d4583587a5fe2d47c7be89b91ad27","2220","SAO PAULO"
"9591fc341b1bfb7ef561e2968ec6e011","4456","SAO PAULO"
"0af977692321d895349eded183341d28","11070","SANTOS"
"b33aaadd1a8891d2dfef0c4c3bdf0371","13481","LIMEIRA"
"5d9dc90a686a8fddacffab6bab5653a3","6513","SANTANA DE PARNAIBA"
"dee656f0f566ed1aa85bd137c943f08f","12701","CRUZEIRO"
"ace601496e211a664100321f038f50af","2372","SAO PAULO"
"d673a59aac7a70d8b01e6902bf090a11","14940","IBITINGA"
"966cb4760537b1404caedd472cc610a5","9920","DIADEMA"
"d4a5e99e0dd915df64ba55a7fbd583fd","5041","SAO PAULO"
"b452cb0ae35044c4a53179c39f49fb06","18047","SOROCABA"
"0307f7565ff85b299b6e5ef162b1b1a9","15085","SAO JOSE DO RIO PRETO"
"ffeee66ac5d5a62fe688b9d26f83f534","15130","MIRASSOL"
"3bfad056cf05c00dabe2f895925d83b1","6033","OSASCO"
"74bafed391319577bce6f4d2acc0589a","1311","SAO PAULO"
"2b03ac196f5ed62ac483960fe0fa3b65","2510","SAO PAULO"
"92d14edfb62ee5ae7fdff70b0f4e7233","9810","SAO BERNARDO DO CAMPO"
"5e105f5c9f63f5f1fd75d6cb942e55b1","15076","SAO JOSE DO RIO PRETO"
"ed4311e67debd72b8610a5347a743087","7170","GUARULHOS"
"5bf397d04035b5f45cc41e82ec106803","4144","SAO PAULO"
"f9bbdd976532d50b7816d285a22bd01e","5319","SAO PAULO"
"e3e15e2c0b9700561efac21c6be48066","5315","SAO PAULO"
"a5bff0f43eb51f0cad7c37fac7244c8a","4827","SAO PAULO"
"f52c2422904463fdd7741f99045fecb6","9230","SANTO ANDRE/SAO PAULO"
"1354d51653f645349064725ed204e85e","1230","SAO PAULO"
"bf00385a5f7fc1ef39a13c2e9ee50a5f","1224","SAO PAULO"
"391bbd13b6452244774beff1824006ed","13082","CAMPINAS"
"c714262700f93defc16bf17a51a4cb23","2751","SAO PAULO"
"ec4608a1f76453166bb312b2968aeaf4","13660","PORTO FERREIRA"
"cd68562d3f44870c08922d380acae552","14050","RIBEIRAO PRETO"
"082e0bf4cb865a6533b1e8e498cc0255","18608","BOTUCATU"
"dd8a29ce82d5c705ba932d81494600a5","8220","SAO PAULO"
"782f78b632a43875dd5b53e3e49c9564","13030","CAMPINAS"
"28405831a29823802aa22c084cfd0649","3644","SAO PAULO"
"a67780aba9dd436e7ac0aa1f889e73ec","19027","PRESIDENTE PRUDENTE"
"d594982fd877af63ace38ea1fca27c76","1031","SAO PAULO"
"dda37071807e404c5bb2a1590c66326f","3282","SAO PAULO"
"b1b3948701c5c72445495bd161b83a4c","3390","SAO PAULO"
"6e13dd869aa7185f601c941423abcc8f","5311","SAO PAULO"
"723cd880edaacdb998898b67c8f9da30","14940","IBITINGA"
"00ee68308b45bc5e2660cd833c3f81cc","3333","SAO PAULO"
"1fbe10c70e30765ed1de86d9f7e98409","9320","MAUA"
"685b870da5b52a710782c9c0fefbeb5b","9820","SAO BERNARDO DO CAMPO"
"701938c450705b8ae65fc923b70f35c7","15014","S JOSE DO RIO PRETO"
"f3862c2188522d89860c38a3ea8b550d","14092","RIBEIRAO PRETO"
"f5f1f2c5f923f36ad79ea1d07185ddc9","19820","TARUMA"
"cf8ab1616079e2793aa29d524df01bb1","4088","SAO PAULO"
"160851d3ece7aa1a510f8d1a4bb8a8af","17400","GARCA"
"61c36f0fc4a47f9532e5512b66668e62","7043","GUARULHOS"
"553a440137d6e0cf776aee0bb83ac9f5","13481","LIMEIRA"
"ea8482cd71df3c1969d7b9473ff13abc","4160","SAO PAULO"
"72bc2cce903c872fe376a8faaa81d237","4693","SAO PAULO"
"65c255b299faf2d12050937cc219c46c","3060","SAO PAULO"
"f09e26011d833ddab11593c1a097a92a","13632","PIRASSUNUNGA"
"72c73be2b085b9d57650dd53eb2004c9","2116","SAO PAULO"
"c2bda99904207edd1834f03e0022b007","8280","SAO PAULO"
"3d4824f20035949c710eaf111f869d39","18015","SOROCABA"
"042573af89b6d931f672efaf789d8358","18015","SOROCABA"
"5b925e1d006e9476d738aa200751b73b","4567","SAO PAULO"
"5f5a58930c3c35f3b5af264f34fb8c85","14020","RIBEIRAO PRETO"
"fe2032dab1a61af8794248c8196565c9","13030","CAMPINAS"
"3092c0b297aacfb4bb6e056ebe13b9b8","7402","ARUJA"
"c004e5ea15737026cecaee0447e00b75","2035","SAO PAULO"
"1c56ffe0e9dea2657fc6e95b53f40b13","13575","SAO CARLOS"
"74a9b9bddf14ece02beb81f52c41a88d","1156","SAO PAULO"
"1cbd32d00d01bb8087a5eb088612fd9c","3363","SP"
"e0a366315b1b726b6c7832d664c0f530","2258","SAO PAULO"
"4e17c65a516f69d023a2ae78b84f28d6","8673","SUZANO"
"a8739afb32aaa45e01815ca76f76f54b","9850","SAO BERNARDO DO CAMPO"
"e3d3b3efac954a60d61be70b7e05b49b","3370","SAO PAULO"
"33ac3e28642ab8bda860a2f693000e78","6717","COTIA"
"8936ba0de1073ee888cb3185ae5dc661","3372","SAO PAULO"
"18a349e75d307f4b4cc646a691ed4216","1319","SAO PAULO"
"a080fc8a850289b27500f6b49cca2553","3382","SAO PAULO"
"9539213aa8e023c01937bef95dc006da","3673","SAO PAULO"
"8fdca8e349553f99bc738833a62c8802","2189","SAO PAULO"
"0bb27263628258b8111a0262769fa9db","3077","SAO PAULO"
"08061dc0fc165ed41288cc7acde738ee","6036","OSASCO"
"4ebdc7e6cd6102a022dadc49156d4ea8","5030","SAO PAULO"
"f918546be4bec7104d117789ba758b2b","5634","SAO PAULO"
"80146bc52c4f6af5239b23de2a20262b","6753","TABOAO DA SERRA"
"4091f77d8c768fc3e81c20761471761d","3059","SAO PAULO"
"0dfbed20065e425d2eaefb101f9816c0","13660","PORTO FERREIRA"
"26bad72add1f86e08a776ce4ffdaf1ca","14470","PEDREGULHO"
"e174dc2de86d60fee178170a154c05e7","9210","SANTO ANDRE"
"cf2384dd2f1dddea3f838efed0945e65","13930","SERRA NEGRA"
"439a47cc365d6e3bd526812ea9de3c29","8730","MOGI DAS CRUZES"
"4b9750c8ad28220fe6702d4ecb7c898f","13484","LIMEIRA"
"edb65fe661681b1c0de8bd47c8655855","8111","SAO PAULO"
"fdb9095204a334cd8872252ffec6f2db","3331","SAO PAULO"
"aae3bfea055532c57fb453ed3ec80b30","9271","SANTO ANDRE"
"cb5df0dcb9e280b1780e9d589889f2c7","15115","BADY BASSITT"
"271c58a1d139c45eaf3316107c6d3a3b","3632","SAO PAULO"
"a154d7316f158bb42e6fa18bbe3afd3a","3804","SAO PAULO"
"f84fa566034f5e8e880a07ec624c56af","13330","INDAIATUBA"
"4c1c7281388a33dd06daac44f9fadbd1","17510","MARILIA"
"851773c885feb5e2da3b4f82bc2b17ce","18683","LENCOIS PAULISTA"
"9f50216bfd01913736a55a11b55ea842","12020","TAUBATE"
"2d518637f53161b973e01f56ea4bb88e","2992","SAO PAULO"
"a7d0f8dd44f57ef6de7f7f02e3d82630","3225","SAO PAULO"
"5b07547f10dd980738a1a27f685af669","7013","GUARULHOS"
"a99504ac23ed125aaf5302af6cc30af9","14300","BATATAIS"
"180c3376aff0e43dd5788709df48a843","9911","SAO PAULO"
"b4b447d715f9ab302a188fb43d3e96b3","4711","SAO PAULO"
"3289d8c3eef4873f91ce0b1343c0dd58","11701","PRAIA GRANDE"
"6c1b6d0c604b776f844125f911eb7377","5051","SAO PAULO"
"c4af86330efa7a2620772227d2d670c9","8840","MOGI DAS CRUZES"
"31be790e64fc99f8ff48ec2bd18a3104","9690","SAO BERNARDO DO CAMPO"
"7b3447b497e55af8c15fc7bd89d7b81a","8225","SAO PAULO"
"2f9b7ce230a057a98a9f5df5893ee36c","6460","BARUERI"
"41b39e28db005d9731d9d485a83b4c38","9220","SANTO ANDRE"
"809413606dbfe5deefd2db646693ef67","4602","SAO PAULO"
"c3e2398fcc7e581cda2e546557bf6968","4781","SAO PAULO"
"740205fedfe4e90ca6857bc77db0f2b4","95055","CAXIAS DO SUL"
"3e46a38ee171c503c3b4a3f23fe3bf0c","18040","SOROCABA"
"3d4b1ae7539303b5704493798893e82c","3244","SAO PAULO"
"bdf0d02d36a1d839d0c39c4a887cdd49","16200","BIRIGUI"
"65a7c0788e4d632ccb5e1b594b87f0bb","5782","SAO PAULO"
"7f35f9daf223da737b78738fbae4d977","13272","VALINHOS"
"2eb70248d66e0e3ef83659f71b244378","13101","CAMPINAS"
"6061155addc1e54b4cfb51c1c2a32ad8","13043","CAMPINAS"
"8b87cd0d43d49b9bdf40f56229364d59","4111","SAO PAULO"
"52a50b42accf164f9f019941e5759d9b","13820","MONTE ALEGRE DO SUL"
"c6bda72e4dbf5c5866b13cb1810c6d03","3087","SAO PAULO"
"270572bb714b00531be85e16e1550f26","9370","MAUA"
"16bdc8cefd0e32a6f0824d296c5ad14a","12903","SP"
"07e8e8fc5222bb358e6f259da3197074","4216","SAO PAULO"
"cd06602b43d8800bd0afad514919d35c","4119","SAO PAULO"
"8f0fbe2cd4d472157dc1cdef6edecaa9","2755","SAO PAULO"
"f44b6f775a2b390380e0e30b5c9d3eee","3057","SAO PAULO"
"365e4bce19bda0082c3d15d83fdb8bcd","9570","SAO CAETANO DO SUL"
"2e0dba2da448400b1c11d7b4b22f32a4","9070","SANTO ANDRE"
"734def04b237117a09321dd6d8f3f2a2","13604","ARARAS"
"28c7d8743fbc8679f484868cc0fcaefb","18480","ITAPORANGA"
"9baf5cb77970f539089d09a38bcec5c3","13330","INDAIATUBA"
"e3dd723429d1b23614b7fa85e2c7a853","9810","SAO BERNARDO DO CAMPO"
"f4a04f7be452aa3bb31760bf00055dd0","9010","SANTO ANDRE"
"bc302730ea8cf49b5c74f579febb5bbf","13015","CAMPINAS"
"e64ddbe1cbcf4f2fc3092b7c481f3f9d","3513","SAO PAULO"
"56e361f411e38dcef17cdc2a3d99628b","7113","GUARULHOS"
"048c2757535328e0d7dac690ad3c0aae","14406","FRANCA"
"bdb3edbaee43a761e2d4f258dc08f348","18680","LENCOIS PAULISTA"
"b127efdabeffb5d559349c7b172eb75d","4308","SAO PAULO"
"951e8cef368f09bb3f3d03c00ca4702c","14940","IBITINGA"
"1967a9e2ad6f51802b093147d861df58","1209","SAO PAULO"
"9da15f4a4ea758d9eeb49000dbe57e22","6290","OSASCO"
"d91fb3b7d041e83b64a00a3edfb37e4f","11704","PRAIA GRANDE"
"749e7cdabbaf72f16677859e27874ba5","7122","GUARULHOS"
"688756f717c462a206ad854c5027a64a","7094","GUARULHOS"
"56a8b450e802502ba53a9885ee38e29f","9895","SAO BERNARDO DO CAMPO"
"9b00ed88b7fdb95d6ff76e27c1b52d16","8215","SAO PAULO"
"4be6b962d83299498bae2190f95d6566","13561","SAO CARLOS"
"c13fb473e7cb8b83ccd543c094df0608","5319","SAO PAULO"
"8d899e15a5925f097cca50faa49b15e3","18131","SAO ROQUE"
"79565f7d5603b24ddf07ade262547f2f","14804","ARARAQUARA"
"ba143b05f0110f0dc71ad71b4466ce92","2274","SAO PAULO"
"89dda63a3c907c468ec88c310ed91213","9380","MAUA/SAO PAULO"
"c522be04e020c1e7b79f3acff36513d5","6501","SANTANA DE PARNAIBA"
"5f5b43b2bffa8656e4bc6efeb13cc649","4880","SAO PAULO"
"87f3e35268860433e13d577825aada95","12955","BOM JESUS DOS PERDOES"
"c5e60e39c0f42b8e827daa13cff74afa","3449","SAO PAULO"
"bca9230d3bbb4efa51872bf605a2f1ad","4296","SAO PAULO"
"4bc3d93e4a5f88a598d3d8ce4ae510b3","4564","SAO PAULO"
"6e864f5c4669eff3d98140a07cc50202","5639","SAO PAULO"
"7bcd7c5f8631701474db233ccf1c094b","2047","SAO PAULO"
"d9bd94811c3338dceb4181f3dbc0c73e","4186","SAO PAULO"
"e70053bf73d1b5863932e53a9fa47496","5059","SAO PAULO"
"dbd66278cbfe1aa1000f90a217ca4695","5588","SAO PAULO"
"e7d5b006eb624f13074497221eb37807","9291","SANTO ANDRE"
"6c9875b2f94ba781186f0c1aed8d1687","17380","BROTAS"
"d63f306de130e0391d38a792541723b8","3236","SAO PAULO"
"2f74af7a0ee5636f12c2336f9fffed47","2376","SAO PAULO"
"c7fdb77fdbff3c41981bc52f787e959e","9111","SANTO ANDRE"
"04fdea0c111866e6cf812f1570d6b5bd","8411","SAO PAULO"
"63b464dbf392c7b80d12d932fa7cafed","2034","SAO PAULO"
"747c1cdcd1737dcfbd1547f6eb6f2cf3","14940","IBITINGA"
"7c67e1448b00f6e969d365cea6b010ab","8577","ITAQUAQUECETUBA"
"9ef932e837d8b7f392c0bfee9d359dc2","14940","IBITINGA"
"d8bf0fc082fd4a77fc2e5679b6c00133","3184","SAO PAULO"
"66dc1b1632bd6a3e508510c5b3492107","17210","JAU"
"edf3fabebcc20f7463cc9c53da932ea8","8320","SAO PAULO"
"c24173065483e421f9e5e7f599de101d","3548","SAO PAULO"
"d9e8c084b68fe958861d8f2c21202e6b","5528","SAO PAULO"
"43f8c9950d11ecd03a0304a49e010da6","6341","CARAPICUIBA"
"4450bd8327d471c4a11a83d1445b1b62","6714","COTIA"
"5d76d80a2f5f39c891b996a1bf4c9853","5727","SAO PAULO"
"e5def42655b7490edac5a56fe8e9e603","13900","AMPARO"
"c60b801f2d52c7f7f91de00870882a75","7174","GUARULHOS"
"5305693ffae2d3463377b1f6fe67b15a","16300","PENAPOLIS"
"f049a72cf58fd31b11f8919cade515e7","1023","SAO PAULO"
"e51f22821f0c12a16ad5c020cdcd55e9","6341","CARAPICUIBA"
"a2a41aedb70551d4a85aa04dc2fced48","4447","SAO PAULO"
"4bf2f4ee540798a61f9636d12cd9cc80","19814","ASSIS"
"19484c79cef6c062cb177aa4ef2fcc3c","13275","VALINHOS"
"25e6ffe976bd75618accfe16cefcbd0d","5503","SAO PAULO"
"2528744c5ef5d955adc318720a94d2e7","13202","JUNDIAI"
"062c325cd6a2b87845fab56b4ec2eeae","8150","SAO PAULO"
"626ab1cd96932367f0eeec2e47046c12","5048","SAO PAULO"
"4b98b0428fc1932cc2514ef9ce2505e6","6795","TABOAO DA SERRA"
"a3082f442524a1be452e3189e003b361","81560","CURITIBA"
"184725737946a1a938bbbd1a9e978103","9370","MAUA"
"3820c6537b3853be1a0687d5a60807ec","6717","COTIA"
"244b04680fdbded0acf5aebd9c92b44a","13211","JUNDIAI"
"e96498ed8daaa3e9c23f7a62da76591c","5373","SAO PAULO"
"5741dc2bf5044c34d0698681c5081bed","12226","SAO JOSE DOS CAMPOS"
"ad781527c93d00d89a11eecd9dcad7c1","15015","SAO JOSE DO RIO PRETO"
"bacb1f0ed56ad24198f5810d2b3fe9a5","12328","JACAREI"
"980640c45d7a4635885491d077167e4d","13501","RIO CLARO"
"ae45ad30c2d2e5913094769690a239d2","14405","FRANCA"
"2cb98e27ce1c18abdb42209b34c382a7","14085","RIBEIRAO PRETO"
"2156f2671501a81034d7d07f217609d0","4776","SP"
"de0c78824586e9a5f5f04fd84e25df39","6730","VARGEM GRANDE PAULISTA"
"0e72c1a751b496722a6cb1f10653b62a","6280","SAO PAULO"
"7e1fb0a3ebfb01ffb3a7dae98bf3238d","14403","FRANCA"
"90b36c5aeb728d5504a39f435bef0c5f","13835","CONCHAL"
"1dfe5347016252a7884b694d4f10f5c4","14940","IBITINGA"
"528bcf6680c36dddf07620bd35b33a6f","3178","SAO PAULO"
"d2374cbcbb3ca4ab1086534108cc3ab7","14940","IBITINGA"
"ef728fa1f17436c91ed1ccd03dcf9631","17201","JAU"
"1eade46fba20122dc4aefb379f8c636b","2066","SAO PAULO"
"b9de031b671cd48b28fae9d828cbf2b4","4283","SAO PAULO"
"40d54b51e962dbe09cabbcfd33298dee","9230","SANTO ANDRE"
"b98b715fe9e276204e2a3464f48cd796","3827","SAO PAULO"
"0b1ca3ef18a63d7eb0c8897fa0849c08","18131","SAO ROQUE"
"37ceb404da208418c9032f0674e57804","4615","SAO PAULO"
"999f6d9a1c7c81f43be44c6b7d076210","5269","SAO PAULO"
"101a3a003516bc11253298b2fad3cb65","13503","RIO CLARO"
"b839e41795b7f3ad94cc2014a52f6796","9541","SAO CAETANO DO SUL"
"a20d8058c866dbaeca014d2cd20ac62e","12209","SAO JOSE DOS CAMPOS"
"218f991754f360af9c2daa5e0b8e990c","1123","SAO PAULO"
"a3b0df0065e264a91b7bbf5f844af5cd","9721","SAO BERNARDO DO CAPO"
"37dd29b36c458d82f74a953c40c43645","13480","LIMEIRA"
"077c5fae4bea9500e3737b16f71b9d3a","18052","SOROCABA"
"0dd184061fb0eaa7ca37932c68ab91c5","7031","GUARULHOS"
"60562ab00b8054280520d390c8c0045c","4809","SAO PAULO"
"7813ea3ebd9411dc600b4dd01f7a97b9","6018","OSASCO"
"777a0c55737f34ffeb78010f7542ab41","1541","SAO PAULO"
"c3867b4666c7d76867627c2f7fb22e21","14580","GUARA"
"0bae85eb84b9fb3bd773911e89288d54","88301","ITAJAI"
"df91910b6a03bb2e3358fa6a35e32f6f","9560","SAO PAULO"
"8ff38bc3969e67c36c48343a07090f66","8260","SAO PAULO"
"6e1862e15f33d9994bc25922a85e1efc","13505","RIO CLARO"
"058fd0aa2bfdb2274e05e1ae971dabb6","9020","SANTO ANDRE"
"f615fe7efbef0f4f08fd3086bc7a3e60","12940","ATIBAIA"
"aa1eb17b9fdf6dfd546e25c45c7b9235","4794","SAO PAULO"
"07bf9669d84d1f11be443a9dd938f698","4761","SAO PAULO"
"08633c14ef2db992c11f840f04fad4cd","9416","RIBEIRAO PIRES"
"f419677537694f0462a91990df6ca44f","9750","SAO BERNARDO DO CAMPO"
"70bf57d811208f8923b41bbd499a67a4","7866","FRANCO DA ROCHA"
"8c0de775f52fe41590b376a3b7c50f68","13178","SUMARE"
"6dc9bec584588412a6a338830946a3e4","3270","SAO PAULO"
"b19c48688808720822399ffa9f2dbe2f","4801","SAO PAULO"
"5b8154610ebb21fb90eb587365e673df","12246","SAO JOSE DOS CAMPOS"
"bb2afe2061d53c6968aa0cffa233a8ec","4307","SAO PAULO"
"b18871c324516afa228a13e8f1ef0ae9","4186","SAO PAULO"
"397c4d0c005b6f41f90098ac724e28cb","9182","SANTO ANDRE"
"b2c97074649f92197d9387d9033dda5f","18604","BOTUCATU"
"f262cbc1c910c83959f849465454ddd3","3564","SAO PAULO"
"c113b8df1fc375bc3d73d29c1b1144d1","8021","SAO PAULO"
"bd65d163ded559eb90a10cd09fec178f","3526","SAO PAULO"
"720e6cf846ea7572cbb66b743fb91e6c","8717","MOGI DAS CRUZES"
"8f580d36c1e9d6fbce95283403c7d447","14090","RIBEIRAO PRETO"
"c360e4787614ed31ac7a2f95d3b22dc6","18681","LENCOIS PAULISTA"
"1e47d8b6546eb3a77b1acddcc9406242","13015","CAMPINAS"
"14ee35374a7876217954b5fa08e50463","15015","SAO JOSE DO RIO PRETO"
"e72b4feb7abe210c52aa667abc25a3a2","3122","SAO PAULO"
"e9511df20ccd82658a30c37b7fb343af","17026","BAURU"
"4c8545742faaf58fafd5fd14d25d75cf","15603","FERNANDOPOLIS"
"27a56ff04b34c2ba34ce6ba4d3b9d616","13033","CAMPINAS"
"0aa2205ca24f113f4658a5c536667426","4281","SAO PAULO"
"432c67955c0acd1fd6b0b5d678766a71","5571","SAO PAULO"
"8a43128d7f9a3db592b866e6861a6cce","8080","SAO PAULO"
"65febd49fd28ec955651299159b1f527","3275","SAO PAULO"
"4ba52dfeba874da5b9ee7b17c7494f04","8790","MOGI DAS CRUZES"
"c7c7b2682c648339a0e9846bb1023a39","12916","BRAGANCA PAULISTA"
"28ea411b354f14b1a494be4e79f0ce02","5685","SAO PAULO"
"ff1fb4c404b2efe68b03350a8dc24122","8710","MOGI DAS CRUZES"
"817f85dbb65aa3e70831d90fe75cdf89","18530","TIETE"
"2b5ed0c9139dae8883a200dfcb272ece","4087","SAO PAULO"
"6860153b69cc696d5dcfe1cdaaafcf62","13360","CAPIVARI"
"903037660cf848a717166eb7a06d616e","5734","SAO PAULO"
"bf3c6d2a28b2b5501e6c15448982dcc9","4180","SAO PAULO"
"49cdc90518a4f82676b38b3c1aa43ff6","3031","SAO PAULO"
"3cfa1358a6caa965278721344c8d76f2","9831","SAO BERNARDO DO CAMPO"
"6d66611d7c44cc30ce351abc49a68421","4378","SAO PAULO"
"e48cc16ab70bfa09e1401740dce0b3d7","16022","ARACATUBA"
"3d8fa2f5b647373c8620330c4e077a9f","3031","SAO PAULO"
"76d5af76d0271110f9af36c92573f765","3194","SAO PAULO"
"729f06993dac8e860d4f02d7088ca48a","13481","LIMEIRA"
"700f03c207639c22d933381ff60b35c2","14784","BARRETOS"
"762fafdaa57a532ee0119731697579dd","13311","ITU"
"50770d25768b0486d89be26afca3108f","9271","SANTO ANDRE"
"cc419e0650a3c5ba77189a1882b7556a","9015","SANTO ANDRE"
"7d7d2b7a51328016102d4528c411d630","14940","IBITINGA"
"9e94fa26a70ede4d26226e918e8706a2","13570","SAO CARLOS"
"994f04b3718c2bab35c2adfa8afecd2a","13912","JAGUARIUNA"
"3f3486b61f45078d4f31ee5e43d8c5bb","3035","SAO PAULO"
"977f9f63dd360c2a32ece2f93ad6d306","14910","TABATINGA"
"910a922b426b7ff95eaee129ad6c0e1f","15025","SAO JOSE DO RIO PRETO"
"d9442042130b7fe579d1295f9f4a248f","3550","SAO PAULO"
"da2782c804606d2a5d8e1760dbb3e7ec","2022","SAO PAULO"
"5b0cc932433fa5184b5b94bfe6bcc256","14940","IBITINGA"
"7ff588a03c2aeae4fbd23f9ae64b760d","7183","GUARULHOS"
"7ad32824caee82087b3e2e5f33b1bf32","14940","IBITINGA"
"5c3460cd3e8a984382ae254e7dd20d9f","15085","SAO JOSE DO RIO PRETO"
"8d46553a36e68f95350a200c12f8f2e2","13056","CAMPINAS"
"45ba18c210d42734ec52c0c1c574e9ee","18130","SAO ROQUE"
"52b53f7061969fe471d119b6195da864","88301","ITAJAI"
"1b8356dabde1d35e17cef975c3f82730","3477","SAO PAULO"
"43402bdf22aa2310e8f99e2f94f78628","9434","RIBEIRAO PIRES"
"c4b911d06343b21dd906651f8101cb49","17560","VERA CRUZ"
"f44bdc12aa39f5271f0b95f66cd4c289","12914","BRAGANCA PAULISTA"
"13f57c12a00ed4610db646b913a7f5c6","11015","SANTOS"
"b5dd7151a92ccaaa282cbe9681a05f44","14020","RIBEIRAO PRETO"
"2a73cba571d90c694b7caca072ccf6ce","9560","SAO CAETANO DO SUL"
"3d2400ac620cffa23ac81bd192f7f555","9810","SAO BERNARDO DO CAMPO"
"968268a686aa05d1f529fb07dff08130","1530","SAO PAULO"
"7c462184585ae80bd6e5774c62ce50f2","13086","CAMPINAS"
"4965a7002cca77301c82d3f91b82e1a9","18074","SOROCABA"
"2d8cfba3fcd3170555941605edaa196a","6080","OSASCO"
"6039e27294dc75811c0d8a39069f52c0","6162","OSASCO"
"e2a1ac9bf33e5549a2a4f834e70df2f8","1210","SAO PAULO"
"bc07d855eac23aab5ac8a120f21d16b2","8710","MOGI DAS CRUZES"
"3492e68f37fd1df87f4f2f2ea247f445","13322","SALTO"
"93bef6edaa84956e8e575016449b6351","3568","SAO PAULO"
"aeb36d67f1414f234d42a29e27cf1f17","9060","SANTO ANDRE"
"c68fb906c8f4b4b946d8386bfa6e5467","14870","JABOTICABAL"
"53d00c40e32aeb924a84ce72b1af869d","14940","IBITINGA"
"10076e5788b8ee532724bcd460baf762","14315","BATATAIS"
"4dc646b9b9e8e411ef48ba000ea3ac6f","13272","VALINHOS"
"e9c6969d40e6a3d2d0f90013165c2b98","3448","SAO PAULO"
"bd0a1b0aadca9a83d9304f7e8ff5fbd5","1212","SAO PAULO"
"340636a908b13bbe0f4fb63fbe1d0c03","12240","SAO JOSE DOS CAMPOS"
"cf654707ed6a99f112c7ec3d6f314b8b","4615","SAO PAULO"
"01c97ebb5cdac52891c0ed1c37ba0012","15804","CATANDUVA"
"f0b47fbbc6dee9aafe415a6e33051b3f","9360","MAUA"
"bd149ed516d4c5d418d5781f8e18919f","7241","GUARULHOS"
"1127b7f2594683f2510f1c2c834a486b","13087","CAMPINAS"
"cd52a8efd71af3336b14b5039b951cc1","88136","PALHOCA"
"79ed755314cfe6df0daef2c6cd3022cd","13503","RIO CLARO"
"2c9e548be18521d1c43cde1c582c6de8","8752","MOGI DAS CRUZES"
"bc47d5d1490df2b36add65d733eafaba","9163","SANTO ANDRE"
"7caa63f175b1cecbfaadd8b5ab9998c7","2750","SAO PAULO"
"c31eff8334d6b3047ed34bebd4d62c36","13322","SALTO"
"c87abc38c8ed3240861729e1aeadf221","5713","SAO PAULO"
"07a9bc7f61396b658ddf3ac534efe44c","2925","SAO PAULO"
"a45314082d50d578a4721c9787ce09ab","15130","MIRASSOL"
"98e164d549402270247f3c96a1a158ef","5083","SAO PAULO"
"59bbc819b99a733f02f0d6b49d1c253d","13043","CAMPINAS"
"b6c6854d4d92a5f6f46be8869da3fa1a","1042","SAO PAULO"
"f1b93673502375d491780bb49d615dbc","12228","SAO JOSE DOS CAMPOS"
"bbd3acfe6de99892e73940d3fdceaf68","9111","SANTO ANDRE"
"b3f19518fcec265b2e97af287725f981","15170","TANABI"
"b2ba3715d723d245138f291a6fe42594","3470","SAO PAULO"
"4e42581f08e8cfc7c090f930bac4552a","13660","PORTOFERREIRA"
"d58d521f3789def2e7a22715e0badd93","3643","SAO PAULO"
"0aea4c6ae1505b3228ddf3dd7822ee5b","18080","SOROCABA"
"b3809b8d4394588a47c8470ea331e135","4810","SAO PAULO"
"fcb5ace8bcc92f75707dc0f01a27d269","7032","GUARULHOS"
"6a0cbc8af2e8abd1bdfb777943d174c6","14312","BATATAIS"
"1b0b0f4f95e962d6f32fe90c759d0479","2737","SAO PAULO"
"70126eecc6aa1274392a1743866e9678","6449","BARUERI"
"cb0b3bcf14e0a709df412a99424a59d7","4255","SAO PAULO"
"8931a84a914b3fe9b1ddaa4d704947ca","8410","SAO PAULO"
"7681ef142fd2c19048da7430856b5588","7074","GUARULHOS"
"3771c85bac139d2344864ede5d9341e3","18087","SOROCABA"
"7ddcbb64b5bc1ef36ca8c151f6ec77df","4403","SAO PAULO"
"02b72cdeb9cfcc429f1af6f4e3f3b737","14940","IBITINGA"
"3481aa57cd91f9f9d3fa1fa12d9a3bf7","13360","CAPIVARI"
"a218df5c097b0ca409cfaac1488cc7f6","14806","ARARAQUARA"
"af3ef48d0e13835e529c29ac573c63e5","14802","ARARAQUARA"
"855668e0971d4dfd7bef1b6a4133b41b","13257","ITATIBA"
"bac44fa8e13424950488659b5f765c41","4534","SAO PAULO"
"95b293867b5862941c9cd74f756a3c68","8223","SAO PAULO"
"e62b2d6ac10570a035a30bafcf01d263","5767","SAO PAULO"
"f63d8f293af3a6454377546bd9dd19ff","18110","VOTORANTIM"
"6bb0724edf0b62fb91ac404873a97241","6700","COTIA"
"112453736dbe3889cfb74e1aaa0ba0c1","3520","SAO PAULO"
"f593898ec748b7a8cb81fc04edafd98a","13920","PEDREIRA"
"96f7c797de9ca20efbe14545bed63eec","14140","CRAVINHOS"
"ff69aa92bb6b1bf9b8b7a51c2ed9cf8b","8140","SAO PAULO"
"5733d806668f8712c24b9abaefbfa642","89803","CHAPECO"
"edf96ef93ed595084bbcbd9224bd2894","1545","SAO PAULO"
"6a8b085f816a1f75f92dbac6eb545f8f","14709","BEBEDOURO"
"6187a137b2af59dfdbad8d9f8c373c14","6268","OSASCO"
"2ee0a0689f2f6a72f35a7cb6033f6e7e","19025","PRESIDENTE PRUDENTE"
"a08692680c77d30a0b4280da5df01c5a","4719","SAO PAULO"
"dd533b429f380718b70ad9922c294bae","14781","BARRETOS"
"582d4f8675b945722eda7c0cb61ba4c7","11250","BERTIOGA"
"74636e24f01da9268b0ed88dacd8513e","2941","SAO PAULO"
"09bad886111255c5b5030314fc7f1a4a","1022","SAO PAULO"
"bf84056e679dbe9c69929847a40e338f","2537","SAO PAULO"
"1c129092bf23f28a5930387c980c0dfc","2972","SAO PAULO"
"a1040efe9ff4a6f93c28b0499eada8f5","13210","JUNDIAI"
"2d9e8987a2ea5cf88dce330249043ff1","15155","JACI"
"8090490573c6c0aa343a7231ebcb8c86","4130","SAO PAULO - SP"
"602044f2c16190c2c6e45eb35c2e21cb","14940","IBITINGA"
"b499c00f28f4b7069ff6550af8c1348a","13481","LIMEIRA"
"624f4ece8da4aafb77699233d480f8ef","5138","SAO PAULO"
"1771297ac436903d1dd6b0e9279aa505","7025","GUARULHOS"
"1d503743d2526f03f0c2c89540ee008c","1035","SAO PAULO"
"fc5a0d7a310a7a41abf86a458585ff2b","3655","SAO PAULO"
"e1bed63d68ac36fe1f3061befe196af5","13848","MOGI GUACU"
"73da1880b39c71de2b262bc7720c1494","13560","SAO CARLOS"
"253f95b3a0e6983ae18aed49fbc2b845","4141","SAO PAULO"
"834f3294fba9f932f56edc879193f925","14808","ARARAQUARA"
"11fb6f6d341adbe19e81733701704635","4133","SAO PAULO"
"e3b4998c7a498169dc7bce44e6bb6277","3635","SAO PAULO"
"a37c340b91cb0169e8b029db6440fba2","4424","SAO PAULO"
"6fd52c528dcb38be2eea044946b811f8","8180","SAO PAULO"
"189ca3538ce9f920cacf0f982cbe223b","3589","SAO PAULO"
"7e79d65b5c6f1f544b7daea036acf720","9572","SAO CAETANO DO SUL"
"ae9690c6e8fee182c28c9ff8e11ca52c","4361","SAO PAULO"
"5bba18b40e8c973b0f32e748004775b0","15840","ITAJOBI"
"7b7f91e98f8c6def45a1407923304402","6154","OSASCO"
"4c2b230173bb36f9b240f2b8ac11786e","3933","SAO PAULO"
"8fbd63429be6d3e5e6d1a709b6464802","9130","SANTO ANDRE"
"ac6417315ae5da8f9a38ee11de6f7780","7400","ARUJA"
"81336a0f57a33776419727a300249e90","13560","SAO CARLOS"
"02f623a8eb246f3c5f7c2f96462654e6","18611","BOTUCATU"
"271b8923c6a549e02d3c9fd1f8c0422b","11704","PRAIA GRANDE"
"ec933281fb017b5020d06df29c3f77e8","3820","SAO PAULO"
"4ddeb3e828550cddc8d45c8bc36ab2d1","1131","SAO PAULO"
"90d4125885ab6c86e8820a722be71974","6780","TABOAO DA SERRA"
"3a734b715d333a2588a3d54a0c9b8746","6132","OSASCO"
"f5b84683a9bf9e1df748cf40f601b39c","1127","SAO PAULO"
"392e0502231ae2f8b29994ef6398cd77","18760","CERQUEIRA CESAR"
"5d0363b33554b373851fc1622e4d5f3c","12952","ATIBAIA"
"6e85dc5ecd97a61094b89b046a509d8e","15845","MARAPOAMA"
"c157bdeedcbc9a8e3c8bf0d87ff24428","18120","MAIRINQUE"
"fa3a0b5aabb344b9a92e3524b0202123","83020","SAO JOSE DOS PINHAIS"
"88cf19ec1fc2c58f161aee259d57142c","13570","SAO CARLOS"
"c13ef0cfbe42f190780f621ce81f2234","1207","SAO PAULO SP"
"fc908879b9ca1bd65419e54e50432d38","4558","SAO PAULO"
"17a053fcb14bd219540cbde0df490be0","13843","MOGI GUACU"
"2d34636518ba88f5349b732fcf8ba2e4","1039","SAO PAULO"
"41b14765bd56c8ad10971074380f9c0c","9070","SANTO ANDRE"
"7f2617c58d5d06806987308b45654351","4571","SAO PAULO"
"cac63f48c38cd7d002a7e846dcd99a23","13170","SUMARE"
"f00e21b1e91a79653163b7fd8f293ff1","37795","ANDRADAS"
"79a679c36c08d606b3fd47ead9de109b","2611","SAO PAULO"
"6eeed17989b0ae47c9f11ece6f38ea90","4123","SAO PAULO"
"b5f0712d22a873b6797ab6cc65c3fcba","2316","SAO PAULO"
"4e922959ae960d389249c378d1c939f5","12327","JACAREI"
"47648caee88ccfe951fbb27fbf7b4cbe","9931","DIADEMA"
"ca4b77513ac2040591b0d8fae6958380","9190","SANDO ANDRE"
"cfe94489ddd337d1e29e12f2a7205d10","3178","SAO PAULO"
"9cf787a239c1aa29dbd76f153dc13f9a","14403","FRANCA"
"d297f1055de2956aedfd3b04113dce3e","13382","NOVA ODESSA"
"2c3d56f92f360fb89d849b84e8f50eae","6420","BARUERI"
"3442033154be05bac582e173ef54fd12","5413","SAO PAULO"
"c990d6cf976a5718aaedc539f383ab88","13145","PAULINIA"
"94e93ce877be27a515118dbfd2c2be41","15502","VOTUPORANGA"
"d9cb0052a666de5308b32f32ad5f1b1c","15400","OLIMPIA"
"a89e143d5211473ae18db9577ee34b64","13486","LIMEIRA"
"1f2eebc0e970fd3c463e4f5d9652687a","1311","SAO PAULO"
"941554c5757b73ba0e50aa7732310afc","4142","SAO PAULO"
"8581055ce74af1daba164fdbd55a40de","7112","GUARULHOS"
"a9ae440659f48b7849df83e82734150b","9015","SANTO ANDRE"
"9485a23c0430ba1d58d359391606fce6","9015","SANTO ANDRE"
"0951a6e282947e09cd47969f4ed0b47f","6763","TABOAO DA SERRA"
"52f0fe436a347ddad7ed5f9aa4e27eaa","1129","SAO PAULO"
"9c7fd21e0aa159b20da593371f08ff7c","6180","OSASCO"
"bb5bd94c8f59cc050072d2930c869cac","5008","SAO PAULO"
"b05b432bf68945d4d9783f9e3ca29ee8","16200","BIRIGUI"
"2a7dc43cecabf23403078e2188437d1d","4142","SAO PAULO"
"ea566164622c6b439516ab18062c42cd","5303","SAO  PAULO"
"821fb029fc6e495ca4f08a35d51e53a5","2030","SAO PAULO"
"d6ab728cf30867cf3f1a2e216ae2f9b7","3185","SAO PAULO"
"1a932caad4f9d804097d7f8e615baed1","2976","SAO PAULO"
"173d56ffbd4c56cb80fc3615487d712b","11370","SAO VICENTE"
"f7c31656c19db6275a8acadca289f426","14940","IBITINGA"
"c500367424994318b9e779ff1ae9a330","13145","PAULINIA"
"19e0f40a907ec568c34bfac15de4f4a1","13478","AMERICANA"
"c66dccfb3f109511246da627dd5a2498","11900","REGISTRO"
"b5b800c4065bebf4d3442311c9857344","3561","SAO PAULO"
"c8417879a15366a17c30af34c798c332","4445","SAO PAULO"
"c4d51195486dc781531876a7d00453d8","19023","PRESIDENTE PRUDENTE"
"98115075dd26cb8835946fc6086f5d30","9687","AO BERNARDO DO CAMPO"
"2305ab43e846518f58dd9d59f3f54e96","8452","SAO PAULO"
"2528513dd95219a6013d4d05176e391a","6060","OSASCO"
"ce4755084bc097113867e6454f8f5e52","14090","RIBEIRAO PRETO"
"3e51f9cbe317bc3a88f2c76583811ee4","8032","SAO PAULO"
"921323538c9f1c4e816f2720eac02bea","1319","SAO PAULO"
"77a515caa36327151d1cc6c32a9f00e1","9912","DIADEMA"
"4b0fdb526525f9890eb145bf1534640e","14940","IBITINGA"
"1cd9e0cc1839d55516843def5600816d","3951","SAO PAULO"
"7fc87cc3e89b3d1d5cabdca32f8485aa","7123","GUARULHOS"
"e09887ca8c7bf8a4621ce481820414ef","8431","SAO PAULO"
"318f287a62ab7ac10b703ac37435a231","4773","SAO PAULO"
"52bb00821bcdd358a5a5a27e1f6be5a1","6268","OSASCO"
"acb6c2ca5c82411c1fdb88d5fd5eb95e","3423","SAO PAULO"
"26e2e5033827d2ba53929f43e03d8ffe","2611","SAO PAULO"
"5b179e9e8cc7ab6fd113a46ca584da81","5424","SAO PAULO"
"4eeb99008a0f59d2c7759c59f9a346eb","6807","EMBU DAS ARTES"
"60da8bfa7eebe230b7d66ac4082d79b3","15940","FERNANDO PRESTES"
"cb41bfbcbda0aea354a834ab222f9a59","3520","SAO PAULO"
"2379bdc3888025689a9deb7b141507d5","13806","MOGI MIRIM"
"5ee7fd217d08dfe5d3e2f51f96a12c9a","13880","VARGEM GRANDE DO SUL"
"a414555ce331b8c8aea4a9cb8395194d","3638","SAO PAULO"
"92992bec39dde5766f590d3b1f46d465","4310","SAO PAULO"
"834f8533b2ecb6598dd004ff3de7203a","5181","SAO PAULO"
"f7315bb81aea4ddca2d39e249a801c98","7082","GUARULHOS"
"8e2b3afb420011ef0c88c9d5f11ea526","13060","CAMPINAS"
"8fff28c4263ddec387f28d237fb42773","5594","SAO PAULO"
"0ddefe3c7a032b91f4e25b9c3a08fca1","9721","SAO BERNARDO DO CAMPO"
"730937bf88cb151eb2eb849f642fc213","13500","RIO CLARO"
"5dc203c7b84a0e71e878a179de05fb9a","17580","POMPEIA"
"440dd6ab244315c632130ecfb63827b1","15502","VOTUPORANGA"
"fec6912baad85d41729669edd6b4d3b8","14110","RIBEIRAO PRETO"
"666658b8da8370f30e1f89893b1de5e6","3658","SAO PAULO"
"f3c38ab652836d21de61fb8314b69182","1206","SAO PAULO"
"45d33f715e24d15a6ccf5c17b3a23e3c","18015","SOROCABA"
"1bb3812d5f0747a3ab7348f199001a10","4708","SAO PAULO"
"16090f2ca825584b5a147ab24aa30c86","12940","ATIBAIA"
"5659d77e8d90378e39b960ad5956f64e","12062","TAUBATE"
"b561927807645834b59ef0d16ba55a24","2955","SAO PAULO"
"28d162ab86bb49d719c32f0ee6186eaa","14079","RIBEIRAO PRETO"
"e06f09ec0a4aca210779cf1cfc63cf19","4773","SAO PAULO"
"8c9348f33ae3dada25c99c99ade2af78","6340","CARAPICUIBA"
"e82de6494d91d3c4c54450f59b227a94","14940","IBITINGA"
"213b25e6f54661939f11710a6fddb871","13321","SALTO"
"78c99c6dff4eeae5be99bf635ed21e3f","17510","MARILIA"
"a36ac007a4d18f865c8d32c3b2402c2d","6455","BARUERI"
"a2e85714b56b1cb6bb24a9a6e6cad36f","14530","MIGUELOPOLIS"
"56642bcb79900e777d68e91915cb4267","3701","SAO PAULO"
"41b86b552e54e3a7009596125aa8b167","2470","SAO PAULO"
"73b8eb4a9a729d4019b24ed1be748cbf","13070","CAMPINAS"
"a69aa24cec11168e7e39a3fbc727e925","6330","CARAPICUIBA"
"8ea394aed8138685abe1eb9f25e1021d","18053","SOROCABA"
"8a130737016f838139d31878787a39c9","3187","SAO PAULO"
"f682e0f848abafc6f41e0d4e868c66ef","7600","MAIRIPORA"
"11742f81550ac064cc9a40f67151d9ad","15810","CATANDUVA"
"0936e1837d0c79253456bbb2ffaaef10","2050","SAO PAULO"
"850f4f8af5ea87287ac68de36e29107f","4367","SAO PAULO"
"4dc2e811a1760953cb7c6a590b498943","17230","ITAPUI"
"343e716476e3748b069f980efbaa294e","13033","CAMPINAS"
"e0eabded302882513ced4ea3eb0c7059","13023","CAMPINAS"
"643214e62b870443ccbe55ab29a4dccf","2134","SAO PAULO"
"ce27a3cc3c8cc1ea79d11e561e9bebb6","3006","SAO PAULO"
"da4d149c0ddbac90557103ac0a0ec356","9861","SBC"
"272f092de69afedd4d2969440b37f18f","3265","SAO PAULO"
"d7827b2af99326a03b0ed9c7a24db0d3","86076","LONDRINA"
"3935fe5fe0f82787a9dcb8deb62be09d","4905","SAO PAULO"
"119d1aef1b4144adba89163f6cd9f5d4","13920","PEDREIRA"
"9a1aea68d3efa00862ec88c0768037d0","15806","CATANDUVA"
"f4db9b37944bcb8873e6b456ee190bbf","8599","ITAQUAQUECETUBA"
"729b2d09b2a0bdab221076327f13d050","17320","MINEIROS DO TIETE"
"18e694e0e48ed6f7aa3f24aade5fd697","13224","VARZEA PAULISTA"
"30a81d8cf85fb2ada1b1b094c9583a95","3563","SAO PAULO"
"6561d6bf844e464b4019442692b40e02","7859","FRANCO DA ROCHA"
"e64d65bc8dbec2accda90c58de5d1246","13500","RIO CLARO"
"3903c788ded8dc03b5ebab37a2f3e9a1","6332","CARAPICUIBA"
"63191ead8d3b2f937cd1996fdcbbad20","13212","JUNDIAI"
"897060da8b9a21f655304d50fd935913","14092","RIBEIRAO PRETO"
"76c47a299e4a8fe992316a85865acbe9","14075","RIBEIRAO PRETO"
"389e45560e33d2d0747f949dcddbc08e","12238","SAO JOSE DOS CAMPOS"
"b81e3a6c866a764974fe849821abeebd","9360","MAUA"
"40536e7ca18e1bce252828e5876466cc","7747","CAIEIRAS"
"b494891378bd8f4560abe576c52deacd","4160","SAO PAULO"
"09f952a5f58d2285b0372551ae8f9b01","9725","SAO BERNARDO DO CAMPO"
"14d7985702e72162bbf13b6beb74ab2b","9131","SANTO ANDRE"
"2c4c47cb51acd5ea5db5e0ae0e26542a","15290","BURITAMA"
"b416191c9813d821a295cfabafff4161","14407","FRANCA"
"533d46c1b06970e99f09523a61df4972","18200","ITAPETININGA"
"1dd33b8119b3cb1056ed5dc88cd0aaf4","4710","SAO PAULO"
"ac137bac82ffa8548e62bd9d01d2a14f","3631","SAO PAULO"
"2dcf93836ae3ce0d7c93e2f10876467a","12240","SAO JOSE DOS CAMPOS"
"51702dc2a3e106c76dbff722b5bf0726","13835","CONCHAL"
"97512d3fc193b2d1dfcdba0f9d1f0f8a","8270","SAO PAULO"
"76d336555bb25f3165d2f0d6da719c40","18015","SOROCABA"
"ae45df84722b1d15c5f32b23a095746c","3062","SAO PAULO"
"d197aa8fbc64087f61984deef05f6227","12224","SAO JOSE DOS CAMPOS"
"afa6714acee029b2dfdf357e5579cc03","13690","DESCALVADO"
"520b493b57809f446cb0a233bb3e25c7","11075","SANTOS"
"b83cedfb587e7911540e3f576d6917ce","4870","SAO PAULO"
"d13e50eaa47b4cbe9eb81465865d8cfc","9210","SANTO ANDRE"
"37303482a42fb700d8d127e70a9cd6c8","13070","CAMPINAS"
"b2bdc5e7940a7d7ca8c4a37953b27a42","13880","VARGEM GRANDE DO SUL"
"5c6d4016c2a288f074fa0848a2b653d2","1209","SAO PAULO"
"da8622b14eb17ae2831f4ac5b9dab84a","13405","PIRACICABA"
"fe26f3ecb51a15e6d8335cd92da42562","4365","SAO PAULO"
"5151aea44289d6c6b090ee31c2132508","17515","MARILIA"
"9c351405b754cc5ce3e2ecf277bb034a","3134","SAO PAULO"
"b37c4c02bda3161a7546a4e6d222d5b2","3667","SAO PAULO"
"5f1dc28029d2c244352a68107ec2b542","5126","SAO PAULO"
"4d8809767a5bafe22909c77951fb6b41","6803","EMBU DAS ARTES"
"3ab971ce71839580d2ae5b4e40fe8044","3210","SAO PAULO"
"9d4db00d65d7760644ac0c14edb5fd86","18025","SOROCABA"
"1dcfa3835714681d4ba4a93bc1e0fd41","16200","BIRIGUI"
"6da1992f915d77be95d7fa48b36904af","1026","SAO PAULO"
"d4f117125b59ce73c3302f88ee40c458","4058","SAO PAULO"
"1de62b6f2fd96227629786db492433db","16021","SP"
"30a2f535bb48308f991d0b9ad4a8c4bb","13457","SANTA BARBARA D'OESTE"
"a36b125ac6d5fdbc7f50de85c9157bdc","14020","RIBEIRAO PRETO"
"1336efc61c316ddf92c899eb817f7cae","19800","ASSIS"
"ab91571efab27993ff2f6b36e38055c3","4319","SAO PAULO"
"070d165398b553f3b4b851c216b8a358","3916","SAO PAULO"
"b64d51f0435e884e8de603b1655155ae","7077","GARULHOS"
"4c8b8048e33af2bf94f2eb547746a916","14940","IBITINGA"
"7d76b645482be4a332374e8223836592","1511","SAO PAULO"
"296729ffb9b684050dd24836dac4494a","80240","CURITIBA"
"5f06030071324cc52bf0304014ac7234","17514","MARILIA"
"c542f5a8c64d973f30e9df8d06f70b4a","2013","SAO PAULO"
"d36b07fd3c5088e477a72d1fccfe29d4","18200","ITAPETININGA"
"a61cc04793308395a840807104365121","13240","JARINU"
"cac4c8e7b1ca6252d8f20b2fc1a2e4af","13347","INDAIATUBA"
"cc63f0dd2acba93ffed4fe9f8e0321fa","15025","SAO JOSE DO RIO PRETO"
"b29d3380981c51df13fc6fbe87e1763d","14057","RIBEIRAO PRETO"
"8de8fe3af4449ed695d2434c933ed73e","1215","SAO PAULO"
"13dd308f81fea30cc670c656b2b46cc3","13454","SANTA BARBARA D'OESTE"
"01fd077212124329bac32490e8ef80d9","14079","RIBEIRAO PRETO"
"7a188843479798ca813108fa7b959286","4276","SAO PAULO"
"cb32766839f443db85c82a43c4a6c19e","13506","RIO CLARO"
"7aa538dd6e114e503a2e6154ea352253","15807","CATANDUVA"
"0d4c8269e7f0401201794deef160edd6","14076","RIBEIRAO PRETO"
"8fbe2ee446b97e128471be4ce983dc0d","18103","SOROCABA"
"2e90cb1677d35cfe24eef47d441b7c87","2285","SAO PAULO"
"0ffa40d54288e4f3499b8780dd0f144f","19013","PRESIDENTE PRUDENTE"
"508808d438fe2ff972ed13bb8f4a82e2","3963","SAO PAULO"
"28fb0829fd777877cdc350d25cb5bd5b","15051","SAO JOSE DO RIO PRET"
"c794dab4928dd97beb41d05514441e86","13160","ARTUR NOGUEIRA"
"1976a05ecf2996d6ffb7b5430e635fe7","19806","ASSIS"
"c70a353f02429c00775a46a75fb787da","8275","SAO PAULO"
"39d61be7a92eb77b7da367bd4845bc0e","13420","SAO PAULO"
"c510bc1718f0f2961eaa42a23330681a","13330","INDAIATUBA"
"77714512e8d4dda9c234da8e3faf16e4","7056","GUARULHOS"
"0eaa7e33d73809f1f925f7d07c506cbd","9111","SANTO ANDRE"
"bcf5566870987da7bc811fbc8c5b9fd9","3378","SAO PAULO"
"3d01d1c414c44b5943a09619ff3853cb","13040","CAMPINAS"
"2e1c9f22be269ef4643f826c9e650a52","4850","SAO PAULO"
"d1c281d3ae149232351cd8c8cc885f0d","14940","IBITINGA"
"f80edd2c5aaa505cc4b0a3b219abf4b8","3431","SAO PAULO"
"0761743cbffb25d7148189e9f1a5f03a","14096","RIBEIRAO PRETO"
"7a9c12e235c36247c3c81f50d6ea9cea","9541","SAO CAETANO DO SUL"
"8629c241b3622ac12cd4118afdc8d394","14090","RIBEIRAO PRETO"
"3ade81dab5a172b88e1871c28ae05260","15076","SAO JOSE DO RIO PRETO"
"562fc2f2c2863ab7e79a9e4388a58a14","13070","CAMPINAS"
"7dc8c42cc750eeafea6c85712ffee9bf","5424","SAO PAULO"
"247587846358bb1d2e4c6522020b36fe","15093","SAO JOSE DO RIO PRETO"
"f1c1ac3f3efc07e659c035008e615e66","2119","SAO PAULO"
"960945e1a9535cbc0cd6ddd35fbe7ae8","8290","SAO PAULO"
"8d92f3ea807b89465643c219455e7369","3052","SAO PAULO"
"5a8e7d5003a1f221f9e1d6e411de7c23","13076","CAMPINAS"
"20f0aeea30bc3b8c4420be8ced4226c0","13456","SANTA BARBARA D'OESTE"
"575df70bde3f9f2b30bf8d2e9910d725","15075","SAO JOSE DO RIO PRETO"
"5d3bb11474a06bdc23fb9e89f1164ee0","19804","ASSIS"
"c35affa65afd250151285c5917fc1c8a","8050","SAO PALUO"
"7d948535954aaf8c5d39db007f74372e","11442","GUARUJA"
"c7b7db6c8f3c64a7cc1afa634db21d50","4367","SAO PAULO"
"ee2fbacc2fc3794e656cc4d933d59ce7","5061","SAO PAULO"
"d32e3909cfb714fb2a6cb092c85b9c5f","13215","JUNDIAI"
"693660429f9dc4ff704eb3d88dad54d7","9170","SANTO ANDRE"
"820c7c9eaf76d2b226b6c242bcf3f34d","4756","SAO PAULO"
"a673821011d0cec28146ea42f5ab767f","3809","SAO PAULO"
"ebe3dabc4955c9b0d695e7bda38bf5c3","14085","RIBEIRAO PRETO"
"ca7c6bd577e559472af1c699de9e764e","9812","SAO BERNARDO DO CAMPO"
"c8b3445d737de6befde0c88ede534a5e","5734","SAO PAULO"
"eb5b6204dde3a6e03b5f1bb8479f055b","6900","EMBU GUACU"
"2e1a7d075abe038c1b2743005fe42ff1","3461","SAO PAULO"
"ba89796db68db180bd389de96b2ff3b6","5763","SAO PAULO"
"79ee721b6f766066a80264402548d359","17011","BAURU"
"11bfa66332777660bd0640ee84d47006","14085","RIBEIRAO PRETO"
"5160d23075764e18e07c1f4a87fad743","9720","SAO BERNARDO DO CAMPO"
"3a1a1fec38dd360f15fc912e821e169d","2451","SAO PAULO"
"05aebce0b5c8f0d41b29b686f2d05fd3","3962","SAO PAULO"
"dd39ad39b5d3df33037e141c72497ba6","4282","SAO PAULO"
"695051e2981c8b19e77cafe450d5bdf3","6276","OSASCO"
"dd55f1bb788714a40e7954c3be6df745","1021","SAO PAULO"
"9d7a1d34a5052409006425275ba1c2b4","14403","FRANCA"
"8c351ed7c326c62123318f4f3246e906","11701","PRAIA GRANDE"
"dc4a0fc896dc34b0d5bfec8438291c80","14940","IBITINGA"
"3a4127e1ba7208ea37044c5092aae170","8226","SAO PAULO"
"7c4402417d51474d4d0cda9557340e40","9530","SAO CAETANO DO SUL"
"b9ca8e8baa5d4aa038394a700f63e69f","3001","SAO PAULO"
"3968920b9aa752ab98f7d5888c9252f2","17056","BAURU"
"9b522ba7eae9e1d04082f267144583cc","4843","SAO PAULO"
"e26901d5ab434ce92fd9b5c256820a4e","9350","MAUA"
"9d5604a1f112324ad6b2aa552122e0fb","88075","FLORIANOPOLIS"
"a6fe7de3d16f6149ffe280349a8535a0","14401","FRANCA"
"54a1852d1b8f10312c55e906355666ee","13456","SANTA BARBARA D'OESTE"
"88ae906ea2acf6971f26c3e8b7cb4357","1550","SAO PAULO"
"c826c40d7b19f62a09e2d7c5e7295ee2","7133","GUARULHOS"
"113e3a788b935f48aad63e1c41dac1bd","12570","APARECIDA"
"94c49f20a123aeb9360dbf80ff912bf6","18015","SOROCABA"
"d12c926d74ceff0a90a21184466ce161","2634","SAO PAULO"
"b43d8b707f887a30f4675391098354a0","44600","IPIRA"
"f235413f677777a0738ff215d0184901","17250","BARIRI"
"038b75b729c8a9a04b0d07cba7eabe86","12231","SAO JOSE DOS CAMPOS"
"a4b8d97cd5d3674eeff96abc99d8ed67","13177","SUMARE"
"ffad1e7127fb622cb64a900751590acd","13465","AMERICANA"
"eba88037e1dca898cd02881f67ced679","3647","SAO PAULO"
"01ed254b9ff8407dfb9d99ba1e17d923","8710","MOGI DAS CRUZES"
"f7ccf836d21b2fb1de37564105216cc1","14940","IBITINGA"
"7e3f87d16fb353f408d467e74fbd8014","4809","SAO PAULO"
"9140bd1d9de28b197dce077bdd687438","13900","AMPARO"
"bb135baca94c82fcb731335ad5b04a03","4362","SAO PAULO"
"b56828a9f9027f3c918c04ca720d9e3c","11707","PRAIA GRANDE"
"5d9f3746e112e696f98ea22c56b3e912","3171","SAO PAULO"
"58c851d1a3c7cd3da329eb59453fed44","13504","RIO CLARO"
"4830e40640734fc1c52cd21127c341d4","3573","SAO PAULO"
"dbb9b48c841a0e39e21f98e1a6b2ec3e","3929","SAO PAULO"
"c6a7539d424a8402232c2228d7a03c5e","3191","SAO PAULO"
"72c5da29406b4234927b81855e7b64f6","7077","GUARULHOS"
"e83c76265fc54bf41eac728805e4da77","16074","ARACATUBA"
"a72f15980dc3e9bfd1a49ac9b2f3af65","17512","MARILIA"
"0ed6ce5d87fd9c69eaacaeb778d67235","13473","AMERICANA"
"fedf2c1386e137f296b3bbf3b635e69d","3410","SAO PAULO"
"8bdd8e3fd58bafa48af76b2c5fd71974","1552","SAO PAULO"
"38e6dada03429a47197d5d584d793b41","4763","SAO PAULO"
"6973a06f484aacf400ece213dbf3d946","12230","SAO JOSE DOS CAMPOS"
"e83e93b71371817b11d78a63ff156aee","6409","BARUERI"
"c6381b1321d7d97717a5bb4ed5b77882","4276","SAO PAULO"
"d29ba1220fb8634fa3a107e54497b8a4","13560","SAO CARLOS"
"788f22bafdd7ab0e1e79f19db72f16a4","4137","SAO PAULO"
"20611af7866c6068fd5ae1f9dbe15c92","13660","PORTO FERREIRA"
"1fa2d3def6adfa70e58c276bb64fe5bb","4106","SAO PAULO"
"fcdd820084f17e9982427971e4e9d47f","14075","RIBEIRAO PRETO"
"d8dd176509baa37f359644d082bf7f7b","9570","SAO CAETANO DO SUL"
"9b1f656ca3060f8af17a50d8a024b533","11013","SANTOS"
"080199a181c46c657dc5aa235411be3b","6097","OSASCO"
"cca3071e3e9bb7d12640c9fbe2301306","14940","IBITINGA"
"788e857f317e53de488d393e65a80f45","8280","SAO PAULO"
"d51e0a403fe2e689ece6c73359d96e12","17580","POMPEIA"
"7f7b8245c336066a1f9933c359f11d77","13800","MOGI MIRIM"
"8648b1e89e9b349e32d3741b30ec737e","12308","JACAREI"
"d50d79cb34e38265a8649c383dcffd48","8290","SAO PAULO"
"f214d28e8d8e3ef068748498ccc2f813","3872","SAO PAULO"
"717b78b0950b51ed00b1471d858b0edc","18220","ALAMBARI"
"aa2640d851ec322526f1295bbeb20092","1156","SAO PAULO"
"ebd2d60905fb58271facef5596b620d3","18683","LENCOIS PAULISTA"
"efcd8d2104f1a05d028af7bad20d974b","16012","ARACATUBA"
"400f221ab83037c0ea78f1267da9624d","17700","OSVALDO CRUZ"
"f543ba3c973276f519d89d59bd46cead","15030","SAO JOSE DO RIO PRETO"
"8b11118053756a9a2932f447e11fc1b5","17350","IGARACU DO TIETE"
"6bb62a4912377c7bfe7cb17b406bc7e6","13215","JUNDIAI"
"f9d010e39375d9c91dce3f40b73a2f84","12600","LORENA"
"0adac9fbd9a2b63cccaac4f8756c1ca8","13290","LOUVEIRA"
"269cff2d3c8d205c11f37a52402ea93b","15803","CATANDUVA"
"443d880f15cbd3572885e1d44bf2c478","17506","MARILIA"
"b39d7fe263ef469605dbb32608aee0af","14940","IBITINGA"
"36890be00bbfc1cdb9a4a38a6af05a69","6040","OSASCO"
"7b0df942f46435babab05d49b744b2c4","12924","BRAGANCA PAULISTA"
"42fb44130ac3134cde8e35cf8ec7df25","12995","PINHALZINHO"
"f27e33c6d29b5138fa9967bcd445b6d5","4273","SAO PAULO"
"55d3daac7c404d59e51c2aa2f4dc5a23","2150","SAO PAULO"
"1c40343cc5d18c2d8248ac2f3366de34","13482","LIMEIRA"
"e3a386fc36e22064434e1fa256f6a9fa","13165","ENGENHEIRO COELHO"
"c9aafcd0621b2207c10e32c649cada4d","8011","SAO PAULO"
"72431a818f97fe6ab9c81eee3e297e54","13390","RIO DAS PEDRAS"
"9fe7c6641c79970ab48185498f547c09","3147","SAO PAULO"
"08ad4ac1388e4420ca531c3edfc46198","6663","ITAPEVI"
"6fc26fe110feebd80a433e1f012a84f9","15601","FERNANDOPOLIS"
"ab27bbbad5239bc31a34709275a70db4","18279","TATUI"
"c37b2059d4f90d4feead554e5246565e","5170","SAO PAULO"
"f43827dd686be3a4a80e00aa299990fb","15055","SAO JOSE DO RIO PRETO"
"e601b04acf48b4576e73ddca9481f0dc","4476","SAO PAULO"
"98dac6635aee4995d501a3972e047414","2030","SAO PAULO"
"3d39fbf22a665714baf62fae36029e23","13040","CAMPINAS"
"a49928bcdf77c55c6d6e05e09a9b4ca5","3017","SAO PAULO"
"a1bea7061f61f6fdd9a85a6325ba1033","6311","CARAPICUIBA"
"3c88ed2e76a2247933a15daa7161eb1c","13154","COSMOPOLIS"
"51ed72984a04e5dd35c2b27e77179038","15050","SAO JOSE DO RIO PRETO"
"3ac588cd562971392504a9e17130c40b","13480","LIMEIRA"
"606ce7768feac12c5e8bd58db8b08f0f","13084","CAMPINAS"
"6879c4d287a8dd06b11f54ea8f78e4da","6186","OSASCO"
"b44dbfbf62e52125f3c15d230569ea91","4251","SAO PAULO"
"e6a69c4a27dfdd98ffe5aa757ad744bc","4424","SAO PAULO"
"6bd69102ab48df500790a8cecfc285c2","4293","SAO PAULO"
"f181738b150df1f37cb0bd72e705b193","6317","CARAPICUIBA"
"bd4889b5e9133b35b66e42a8665cea5c","2963","SAO PAULO"
"0b3f27369a4d8df98f7eb91077e438ac","7412","ARUJA"
"5ab05b6d86d417796c69ffd6774ec832","19815","ASSIS"
"d4d99b60c4c94cd35acd502cec65dc8d","4904","SAO PAULO"
"3be634553519fb6536a03e1358e9fdc7","8275","SAO PAULO"
"457fe919b032a3f7dadba6fb92cf7855","13140","PAULINIA"
"0ac4201fda2c68ebc0e47cb9423cf3c9","3345","SAO PAULO"
"a2b5b6105ea5942300631d2e76f4ffe0","6283","OSASCO"
"23d7c96d4a1160db1c726b248601b25a","13360","CAPIVARI"
"e883aa812c37a7413226856f4579fe91","6696","ITAPEVI"
"86bb7c4b535e49a541baf3266b1c95b1","14401","FRANCA"
"c0563dd588b775f2e37747ef6ad6c92c","9220","SANTO ANDRE"
"e5475dcab1e07b63d7f6e902d8f5eda8","9921","DIADEMA"
"333c4210e76a1aa2ab817b99437e3ff1","13880","VARGEM GRANDE DO SUL"
"33a6f4b1e7cdc205511e76ba1b6e0186","7084","GUARULHOS"
"91f848e9f4be368f4318775aac733370","3029","SAO PAULO"
"7a67c85e85bb2ce8582c35f2203ad736","3426","SAO PAULO"
"b372ee768ed69e46ca8cdbd267aa7a38","15013","SAO JOSE DO RIO PRETO"
"d20b021d3efdf267a402c402a48ea64b","14940","IBITINGA"
"cf6f6bc4df3999b9c6440f124fb2f687","4937","SAO PAULO"
"a3b42d266fa8afc874b909422ce88582","14620","ORLANDIA"
"d63c73efd41eb002280e7ec831424edb","13405","PIRACICABA"
"dc7192adf8ba09569261f4a8d576afe0","18401","ITAPEVA"
"be8e909810184b9b19e886129149d8e5","13418","PIRACICABA"
"269c5fc9fcadee614364c3620c30a1f9","7140","GUARULHOS"
"bbaff50f3b708fda865918715276cd87","12940","ATIBAIA"
"3b18f9856c6eb2413eafedb58e9eecd9","9280","SANTO ANDRE"
"db2956745b3a8e9f3785c99f34b5d25e","11600","SAO SEBASTIAO"
"8fb791022c1fc8909664f48ab7dc636d","3976","SAO PAULO"
"232a6014e7b10cba61c6c2b2ea6bb4b0","16500","CAFELANDIA"
"6614814a00d344b846ae209f95ee7e3f","17290","MACATUBA"
"59cd88080b93f3c18508673122d26169","11707","PRAIA GRANDE"
"fffd5413c0700ac820c7069d66d98c89","13908","AMPARO"
"bbe87dce25ba8b38bb61cc7210a3f10b","13870","SAO JOAO DA BOA VISTA"
"99a25c39b28a74d1151c35c18d178292","2236","SAO PAULO"
"f5403d3f50089112c4eed37928b7f622","15600","FERNANDOPOLIS"
"7adbd3210a7b3cc2235e225eef33574d","2544","SAO PAULO"
"5d043cd5512d4bd2f88e5ccdd5736c38","2710","SAO PAULO"
"761681a821d8275bc79f552116d06869","17606","SAO PAULO"
"3c7c4a49ec3c6550809089c6a2ca9370","3804","SAO PAULO"
"53b0300ca793f9834cd69c0678d35ee8","13339","INDAIATUBA"
"48162d548f5b1b11b9d29d1e01f75a61","13403","PIRACICABA"
"1992f8fb6b19fcccd97ca819811e7267","1403","SAO PAULO"
"3fd1e727ba94cfe122d165e176ce7967","14802","ARARAQUARA"
"45a3d05fb00435e52a28859dd03703b3","7176","GUARULHOS"
"9646c3513289980f17226a2fc4720dbd","12215","SAO JOSE DOS CAMPOS"
"52a52b9f656520e99716f5bc40f661c8","13573","SAO CARLOS"
"36a968b544695394e4e9d7572688598f","11010","SANTOS"
"b1aaae6b66ad3c40f54b389d7ea4bee0","4714","SAO PAULO"
"89ad3263c0931c47f976d7c5778e60f6","5127","SAO PAULO"
"6f1a1263039c76e68f40a8e536b1da6a","3581","SAO PAULOP"
"5721089ba9214e80074f27d5a03fc0eb","1408","SAO PAULO"
"1782ce2db72c3dda627d5e7c898104e1","6766","TABOAO DA SERRA"
"8160255418d5aaa7dbdc9f4c64ebda44","14940","IBITINGA"
"cee48807215b30a12ca2ca10ffb5f250","11431","GUARUJA"
"633ecdf879b94b5337cca303328e4a25","4438","SAO PAULO"
"da7039f29f90ce5b4846ffc0fcc93beb","9041","SANTO ANDRE"
"4c03b9dd4c11ee2cb35c96c49efc9420","13232","CAMPO LIMPO PAULISTA"
"a5a1bfcf728ab0e19182959cf0771ee4","13960","SOCORRO"
"431050a06a317f2b38168dec3dcd2b46","2475","SAO PAULO"
"ffff564a4f9085cd26170f4732393726","13070","CAMPINAS"
"bede56095ba33c42038fb85f707b8a42","13271","VALINHOS"
"bbad7e518d7af88a0897397ffdca1979","1512","SAO PAULO"
"d9e7e7778b32987280a6f2cb9a39c57d","3304","SAO PAULO"
"99a54764c341d5dc80b4a8fac4eba3fb","3273","SAO PAULO"
"939f6e231201f26803cb5c3a3d2940b3","17051","BAURU"
"427165bf50f8ca07efc7bdc2bfcf1688","13471","AMERICANA"
"1e26c56af8d48424e1df0140a2401f83","13911","JAGUARIUNA"
"8f119a0aee85c0c8fc534629734e94fd","6440","BARUERI"
"fdaaf5bfda82b7b80535610c831b8d09","15015","SAO JOSE DO RIO PRETO"
"bcc9dd23e2a8bd8267cf92b19304a1b9","14940","IBITINGA"
"751e274377499a8503fd6243ad9c56f6","13097","CAMPINAS"
"1fddcb7b326905d3ad5efe82187db347","2279","SAO PAULO"
"4eb61f060e7dcc1d5a80d806c35cc541","5743","SAO PAULO"
"63bc58679c44e8a998792119fd7ad23e","5595","SAO PAULO"
"101921376b577a4540dc30e9009133ca","13505","RIO CLARO"
"f0ec78809fe0bc3edb11c9fe5b97b059","4291","SAO PAULO"
"6219ba2359cfb97f2e38fd4c321eb309","2110","SAO PAULO"
"a7f13822ceb966b076af67121f87b063","8577","ITAQUAQUECETUBA"
"4e8dacf3d38f281ae26c3e0321d92d88","8420","SAO PAULO"
"78a4d36f65a019172c6154468831a69f","17018","BAURU"
"cb162c8eef257253782d245c08d9097c","6419","BARUERI"
"fc6295add6f51a0936407ead70c1001d","4101","SAO PAULO"
"f0e103c63864d5405b958d984b6e94c9","6150","OSASCO"
"5def4c3732941a971cba8fdee992ede1","2113","SAO PAULO"
"42ef3192a9ff87a22d1867b74b3ee205","9090","SANTO ANDRE"
"a2deecd5398f5df4987110c80a1972a3","5043","SAO PAULO"
"f8e2c1b59cd4225a3e4fd0d013a76b93","14021","RIBEIRAO PRETO"
"c003204e1ab016dfa150abc119207b24","7790","CAJAMAR"
"503c1de08ae81a2d86f17951b204db55","3725","SAO PAULO"
"7816cd9c5b1238e320545f5bf7eb80e8","14801","ARARAQUARA"
"de23c3b98a88888289c6f5cc1209054a","5530","SAO PAULO"
"fe49ee029e61e789a1f3a5525f57ba8d","6018","OSASCO"
"902c99f1ac505c0d18778b61bcd636f7","13840","MOGI GUACU"
"94ca168e8bcb407ab85c5da308863027","16250","CLEMENTINA"
"82921991ff5b557b045605b8bbf08d49","1023","SAO PAULO"
"77128dec4bec4878c37ab7d6169d6f26","2610","SAO PAULO"
"4bf658053d453036c70976bccb2c31b2","15070","SAO JOSE DO RIO PRETO"
"28f10b1c5e5abb9d4857745bede6147c","4250","SAO PAULO"
"48bad451945f5227341793478d6353ea","1220","SAO PAULO"
"2a61c271b1ac763450d846849783e922","9175","SANTO ANDRE"
"ba6ce6de456f6c11d08c17701ba5c26f","18044","SOROCABA"
"5dceca129747e92ff8ef7a997dc4f8ca","13450","SANTA BARBARA D´OESTE"
"39a5005f2605cbdb4f9ac14485cabfd1","14780","BARRETOS"
"0e44d110fa6a54e121cb2c095a77762f","7901","FRANCISCO MORATO"
"3d871de0142ce09b7081e2b9d1733cb1","13232","CAMPO LIMPO PAULISTA"
"bf0d50a6410d487dc97d2baac0a8c0be","13408","PIRACICABA"
"aac51c486b672a9850d59f3e84b1cf88","2752","SAO PAULO"
"58b98ccb79873e04eac4357cacc590d9","13043","CAMPINAS"
"fc99f99385ae90f66f01733856fb88c9","18550","BOITUVA"
"1bb2bdb95f4841f1bba2c0d2cd83d3c9","1257","SAO PAULO"
"c32fc744b9160ac853450488e3cfea93","14020","RIBEIRAO PRETO"
"15ac3c501e2599e4917316fde5c5669a","4911","SAO PAULO"
"f4aba7c0bca51484c30ab7bdc34bcdd1","1031","SAO PAULO"
"03a2a6dcbe45d639c4dc2a0d24769c40","9340","MAUA"
"e9d99831abad74458942f21e16f33f92","3542","SAO PAULO"
"a45765f8afb1e594b22bf9e974b46765","2411","SAO PAULO"
"dc8798cbf453b7e0f98745e396cc5616","5455","SAO PAULO"
"d9cd369bffa979d1634f8e1318bf2f1b","15115","BADY BASSITT"
"70f7e8018e3d46c748c92f026aa2585a","1314","SAO PAULO"
"bb3dca718920a4d7ec3cc9ffb025108b","8011","SAO PAULO"
"babcc0ab201e4c60188427cae51a5b8b","13660","PORTO FERREIRA"
"eed78ac17f7f795a19a709745f00cd4e","18608","BOTUCATU"
"a2e874074c877c5a05abae80ad6e488f","15070","SAO JOSE DO RIO PRETO"
"365e445f796710c3431557e85caa25db","4083","SAO PAULO"
"0bb738e4d789e63e2267697c42d35a2d","18130","SAO ROQUE"
"3d290fe363c60a77498c1126fd3fb8d3","6694","ITAPEVI"
"325f3178fb58e2a9778334621eecdbf9","6790","TABOAO DA SERRA"
"f5a590cf36251cf1162ea35bef76fe84","9720","SAO BERNARDO DO CAMPO"
"1e8b33f18b4f7598d87f5cbee2282cc2","2066","SAO PAULO"
"8c5e007d7bd5693fa1386ffefbc99f6c","13347","INDAIATUBA"
"1da3aeb70d7989d1e6d9b0e887f97c23","4265","SAO PAULO"
"53e4c6e0f4312d4d2107a8c9cddf45cd","13920","PEDREIRA"
"039e6ad9dae79614493083e241147386","3560","SAO PAULO"
"d65f31d2413268e671989503f6cf9993","13160","ARTUR NOGUEIRA"
"cad10cc982ab6a391570c211b995c17c","18701","AVARE"
"527801b552d0077ffd170872eb49683b","17400","GARCA"
"2ea0861cc19e94cad86438c984c52da4","3731","SAO PAULO"
"7202e2ba20579a9bd1acb29e61fe71f6","14401","FRANCA"
"2039c5e51785b5dde7cf93ccb3b7be2c","14790","GUAIRA"
"62de60d81c55c29d76a6bce418b31cef","14940","IBITINGA"
"eaf6d55068dea77334e8477d3878d89e","4660","SAO PAULO"
"e89c4adbe7b1d0819dbb636e16461cf1","13347","INDAIATUBA"
"85ecf03781da592876b7844acc1b729f","3658","SAO PAULO"
"5c853bb56f70f4d14218944bae111d7a","6715","COTIA"
"835f0f7810c76831d6c7d24c7a646d4d","8030","SAO PAULO"
"4ea2f12dbe91deeacd2c1e74f069a6e6","2334","SAO PAULO"
"a066df7361163e7ddc5d7452dd17448b","14401","FRANCA"
"bc8c8d665ec4664d286be0d521722b19","4851","SAO PAULO"
"bd4ff04377f974574f7f0bf9d6ce7dde","17370","SANTA MARIA DA SERRA"
"3076499bbc033a927bf4a8a41bcf7fd4","15350","AURIFLAMA"
"010da0602d7774602cd1b3f5fb7b709e","9710","SAO BERNARDO DO CAMPO"
"5d505d2298ad549e4e4e835562fa0c1e","16200","BIRIGUI"
"238fac594e170b59c6d228f5a4f4f1d9","17300","DOIS CORREGOS"
"134a288e7de827ec5ec62e3ec9c3a295","3168","SAO PAULO"
"edb58a1390adf273840030a3d6253829","13414","PIRACICABA"
"1e8c6a4c538f286aee9573239740a4b4","13251","ITATIBA"
"07de60b03d150fb3ea09eab5da5e4c8b","14940","IBITINGA"
"f1ce5fdecd64935c28b9ff932751d0dc","6539","SANTANA DE PARNAIBA"
"a247197e2e9c19a6a53a6888cb8b660f","15056","SAO JOSE DO RIO PRETO"
"cd233f8bfa30ebfd651f47ee7d054951","16208","BIRIGUI"
"5563732abe64c3036cb97ad924128dd1","7192","GUARULHOS"
"134b867a0f7f8bbe6abf10f91874891e","13272","VALINHOS"
"57c764b4a836300be881e2ff86e449f9","14021","RIBEIRAO PRETO"
"2fa13c8bd5705d279f7ed5cc9ec61c68","4679","SAO PAULO"
"e627629ba868740e287800f1a9be81c2","1421","SAO PAULO"
"8060d731897e33b5c5ae575ce1e209e1","89052","BLUMENAU"
"4a3ca9315b744ce9f8e9374361493884","14940","IBITINGA"
"ed49da7cadefc454d6a67de249eab240","5571","SAO PAULO"
"6f892e20a171e98efe17fdb971ff319b","8270","SAO PAULO"
"4bfc7a4a1cf8d4d2121c27422d9e50b5","3111","SAO PAULO"
"acadd4d36859671cb635527c6c977533","14270","SANTA ROSA DE VITERBO"
"a1ed30492b3b798bc121845bc4aa7366","4708","SAO PAULO"
"11eac105f3f90a9b87b19c89d91e24f3","7411","SAO PAULO"
"0725b8c0f3f906e58f70cbe76b7c748c","7023","GUARULHOS"
"f35becee938e982bd615edf8ef12bcfb","19160","ALVARES MACHADO"
"54219883e72aad869adfb2a54b7bfa0f","18060","SOROCABA"
"3078096983cf766a32a06257648502d1","13720","SCAO JOSE DO RIO PARDO"
"656591be56071d4c9ef4e5fee78a578a","9180","SANTO ANDRE"
"26562f211dd1364af2a8596dc945e8ae","9785","SAO BERNARDO DO CAMPO"
"bccf933e006e9b94a6184af782963e77","19806","ASSIS"
"12c2ed9cded6138cf0c75f525f565fc7","11709","PRAIA GRANDE"
"b33e7c55446eabf8fe1a42d037ac7d6d","14850","PRADOPOLIS"
"2235cf78d3e2073a88146a9cb60f0dd0","4547","SAO PAULO"
"218d46b86c1881d022bce9c68a7d4b15","14070","RIBEIRAO PRETO"
"813348c996469b40f2e028d5429d3495","13206","JUNDIAI"
"c394e193cda3b4225ff2094d32184849","4104","SAO PAULO"
"2745f798279e0ed033addcc1474776d7","3106","SAO PAULO"
"6b803197e03abd5056b4313306b4f29d","1123","SAO PAULO"
"af7cdac9d9897cddead9c6b08976c642","18500","LARANJAL PAULISTA"
"b3e2faf2c1004d674f16a3aa3197f0e1","14093","RIBEIRAO PRETO"
"670a9dda115b5a88b18cfadee8de2332","14096","RIBEIRAO PRETO"
"3b15288545f8928d3e65a8f949a28291","14940","IBITINGA"
"3e35a8bb43569389d3cebef0ce820f69","3124","SAO PAULO"
"81783131d2a97c8d44d406a4be81b5d9","18015","SOROCABA"
"cce6ab8d1682639fe45ab70234f1665f","81020","CURITIBA"
"e1643dff33666ca629e3644c02738179","3182","SAO PAULO"
"76623fde66e6b63b59440fd34160512d","7124","GUARULHOS"
"5275ca25d0358ca73864e0ae41be1320","7024","GUARULHOS"
"eb4df17aed01d918c65f0f8d650900c0","13140","PAULINIA"
"10089e9f2fd0c668a8fd4e52e1698888","15061","SAO JOSE DO RIO PRETO"
"2f09f7d37a97956d11cc1a7cadd5262b","14090","RIBEIRAO PRETO"
"f41ce2e25237f9092cd8e6e7516c7a2f","7013","GUARULHOS"
"1710c3aaa9c6b44ec3883ee0fe300e21","9551","SAO CAETANO DO SUL"
"dace965ca58120f92f8d742a9fa1864b","14015","SAO PAULO"
"f5b44895715ddfe3087dc414f30268f3","18017","SOROCABA"
"56f413900b5166ab4d730e9ac0b12cb0","18076","SOROCABA"
"4992e76a42cb3aad7a7047e0d3d7e729","3334","SAO PAULO"
"265fdc289dffa9f1ad801c74f7d0de47","15155","JACI"
"f783a638e9c6af4a7d0dbfde811e7a81","3063","SAO PAULO"
"0b18d63d0cd1d723567903fd34a07df2","5141","SP"
"3ef37b7ca6dd2b80bd8af81a62504996","1452","SAO PAULO"
"7bb8fac2913a6064ec412e583c6d8b4d","17017","BAURU"
"deaadd805612bf94faaa9fa702516e11","5756","SAO PAULO"
"5e063e85d44b0f5c3e6ec3131103a57e","5302","SAO PAULO"
"c0e6839516f5398edc34adf5f1d53d1a","11430","GUARUJA"
"119c7f1a00ef43fad0e57604e76a747c","2614","SAO PAULO"
"2953ce3a88f5e3c3b696d77fc9e4c8eb","4270","SAO PAULO"
"d7b2377bae6ace1b11fc69a11900ac36","2415","SAO PAULO"
"57fe6232e67823593374a2281d7a8af8","13360","CAPIVARI"
"8b28d096634035667e8263d57ba3368c","12243","SAO JOSE DOS CAMPOS"
"9bc484c87d79cd4874e05ca182658045","2422","SAO PAULO"
"4371b634e0efc0e22b09b52907d9d469","2028","SAO PAULO"
"bd23da7354813347129d751591d1a6e2","3971","SAO PAULO"
"412a4720f3e9431b4afa1476a1acddbe","13060","CAMPINAS"
"7238a95bb63ef7e498389fb863b834a1","13487","LIMEIRA"
"26785a546900236d66f2e4197c211158","8430","SAO PAULO"
"b7ed9fb14c8eadb37adb9c45d67ab0fb","12331","JACAREI"
"a0d7fbb07bb5ebc3b05980e750db56f3","8500","FERRAZ DE VASCONCELOS"
"10264f60a8f0a4d2f30810f5c661c673","13090","CAMPINAS"
"35857757f553273b1056c1cabdace7fb","14020","RIBEIRAO PRETO"
"538caafddff204241cecbf3a02e6b3cf","4516","SAO PAULO"
"b2eecf5ea250510da76590ca79d60e5d","3318","SAO PAULO"
"8f2ce03f928b567e3d56181ae20ae952","5141","PIRITUBA"
"4d9fea3499bdc22aa4da4e339365f215","4209","SAO PAULO"
"d4e12e7884759a14fa0f5f896c791cae","2242","SAO PAULO"
"e24fc9fcd865784fb25705606fe3dfe7","12913","BRAGANCA PAULISTA"
"5882f40daf39bc2a465e0cb453ddc222","5616","SAO PAULO"
"26e2c91ef821e1ff8985f408788fe35b","14940","IBITINGA"
"53336f97ddbe53e2a617d07b17447b95","3461","SAO PAULO"
"fec8cd45395b3cb0c2b173d7739706a1","12270","JAMBEIRO"
"e116c7455dd26a4d8c3e92532583905f","1140","SAO PAULO"
"900ba814c251a692506d7834c1218441","13328","SALTO"
"4a23adac87cf538689fa600d976f78b2","4537","SAO PAULO"
"2009a095de2a2a41626f6c6d7722678d","15025","SAO JOSE DO RIO PRETO"
"3a52d63a8f9daf5a28f3626d7eb9bd28","71900","AGUAS CLARAS DF"
"e9b6c33b71b67737693b4cfa68341c8d","3009","SAO PAULO"
"c458e2045a8aa8964f8879af03fdcce6","9572","SAO CAETANO DO SUL"
"6601ee6383e7f452be71929f8de48bbb","14027","RIBEIRAO PRETP"
"5a4236931428800e9d9cc04af0987118","2916","SAO PAULO"
"8a32e327fe2c1b3511609d81aaf9f042","2443","SAO PAULO"
"0f519b0d2e5eb2227c93dd25038bfc01","14940","IBITINGA"
"d7d517afce974cd491b8d52bb5b5b1fc","3508","SAO PAULO"
"ec5c1d94df153d473b37f880977ae58e","21320","RIO DE JANEIRO"
"31561f325664a8a7aba4c8d0c3a9b3db","3287","SAO PAULO"
"70c4eedec9cb4a85cda2f3f9673557b4","1208","SAO PAULO"
"ce20a2ec1514c25e16f2b5b39bc818f0","5186","SAO PAULO"
"3a79f35a2344ede41af21267f61d5ec6","13040","CAMPINAS"
"85044848b1b767db2a4a58526adef4b4","6018","OSASCO"
"c3251e13f1bbda6c74e37c160f991e19","13660","PORTO FERREIRA"
"4a1f694197d05fe70026b016a7316b41","13920","PEDREIRA"
"0873d9f8f36123f8d910f4760e788cfb","6465","BARUERI"
"4869f7a5dfa277a7dca6462dcf3b52b2","14840","GUARIBA"
"6bb66d9870c2e01c05655c7ed0e7ee13","4101","SAO PAULO"
"1c5e4e49b9079480255b49d50aac1aa9","11030","SANTOS"
"6a3139c7bf09ece22a4713d956acbe5e","13790","SAO SEBASTIAO DA GRAMA/SP"
"37515688008a7a40ac93e3b2e4ab203f","17900","DRACENA"
"8fec2e460530482132c436cfb5439925","18500","LARANJAL PAULISTA"
"1746c1ae87ac63d530c7c943d0ac42e2","6501","SANTANA DE PARNAIBA"
"afac9f6b0c4e5f0a7ee87e922cd0f873","17047","BAURU"
"3be5841cdcc46de4ed3f9116f104b2c5","6473","BARUERI"
"0249d282d911d23cb8b869ab49c99f53","5676","SAO PAULO"
"23ca5f678e0b3ea6c630b30fa8bf51ea","2839","SAO PAULO"
"5eeb9c756d9780b96283e5a2ac6da334","14010","RIBEIRAO PRETO"
"25be943a321c8938947bdaabca979a90","9725","SAO BERNARDO DO CAMPO"
"818d28f936e791926d33bcb6ee94ef79","4141","SAO PAULO"
"c12b92bf1c350f3e6bf88d3596219c86","17400","GARCA"
"97e995629983723d11830a829bc2b246","12604","LORENA"
"5a6a02f419701fc8c605af71d4fc57a4","13465","AMERICANA"
"94b9108d4b637ba65bb4f1e53cfcf8d8","7221","GUARULHOS"
"0fe2d9733ed841eb064503920015a8c0","19906","OURINHOS"
"154bdf805377afea75a3bd158e9eab10","14940","IBITINGA"
"17306570e772e7718c92a562d33f5f1d","17250","BARIRI"
"244c2f1bff6afe1f2eaf9bfe9b2aed38","8832","MOGI DAS CRUZES"
"71039d19d4303bf9054d69e9a9236699","3018","SAO PAULO"
"7ad41305e96a6cab8294cd65891e9a86","28810","RIO BONITO"
"25e47381a6c510ddeb36084e33b89f0c","11720","PRAIA GRANDE"
"4d6d651bd7684af3fffabd5f08d12e5a","17209","JAU"
"24a6daf925d9d591870a66660416de31","14078","ROBEIRAO PRETO"
"b76dba6c951ab00dc4edf0a1aa88037e","3237","SAO PAULO"
"b1204cfda1d4948679db3cfc0d3cb95c","7170","GUARULHOS"
"b4ffb71f0cb1b1c3d63fad021ecf93e1","3880","SAO PAULO"
"165b1235e9e9942cb5fae67103576fb0","14020","RIBEIRAO PRETO"
"9599519be538b98748162a2b48248960","5008","SAO PAULO"
"e5cbe890e679490127e9a390b46bbd20","1041","SAO PAULO"
"974cf2cb8f4b7add98709c30df02fe10","14802","ARARAQUARA"
"4a3ccda38b2129705f3fb522db62ca31","17504","MARILIA"
"876182d1918783bbe15233febfbd4926","4208","SAO PAULO"
"5b85809efd0d0e4dea1a9544e1280ed9","19020","PRESIDENTE PRUDENTE"
"e504a4e2efaa45cbff7e268a2c58c956","13520","SAO PEDRO"
"1e483cc5c76fef08d3ca05f9a8af7d01","2929","SAO PAULO"
"b248792ac0b60ec3f93d80af1b4fae47","9560","SAO CAETANO DO SUL"
"34056b8b55c1775a22af2331670a799c","16304","PENAPOLIS"
"21d59342ba150175ca2aa4f8faddeca6","8593","ITAQUAQUECETUBA"
"23c38debaffe4a25a30fdbd9b586a13f","18110","VOTORANTIM"
"d9c349beabc06aa6ff1c6d68b5e9e22e","3586","SAO PAULO"
"49f8d2ea7b718d0ce587d34207caf2b4","9830","SAO BERNARDO DO CAMPO"
"bd1d49a326abfa9b1036772e40445430","17017","BAURU"
"c9c7905cffc4ef9ff9f113554423e671","6871","ITAPECERICA DA SERRA"
"aa17b35ce4de7b565be3249ba838944f","13214","JUNDIAI"
"0887a9f087bcd5d9f6642b52f897fc6c","11990","CANANEIA"
"abc015ebac1d283a323ca9db35ede4b9","14055","RIBEIRAO PRETO"
"00720abe85ba0859807595bbf045a33b","7070","GUARULHOS"
"e5e33c0d8e7e002f398f5dc4cbbb338f","17032","BAURU"
"bec568278124768c474ee90971ca94d1","3553","SAO PAULO"
"534a01cc6df1e034e05c32028a291fa2","13214","JUNDIAI"
"cd3d09fbe6e3e9ff0c0ac0c300e93ae7","13380","NOVA ODESSA"
"cb3dd9ce66268c7a3ca7241ac70ab58c","3028","SAO PAULO"
"094ced053e257ae8cae57205592d6712","14095","RIBEIRAO PRETO"
"1f1bb1f0859883505541bdd6606193e5","2124","SAO PAULO"
"4200ddf1967c5e41e48db62bc6d4b5ac","9710","SAO BERNARDO DO CAMPO"
"ed9eef5be0992d413d251fadba1a410d","13845","MOGI GUACU"
"139157dd4daa45c25b0807ffff348363","3064","SAO PAULO"
"c1849d4d32d7a6cecd5aa471809d3135","9070","SANTO ANDRE"
"64b87978a11c1ea7501a89eabe8c2c1a","19300","PRESIDENTE BERNARDES"
"bff9deb0ec77d437f3305a79cf25529e","13481","LIMEIRA"
"499ec63c58e51296c9cf57edcfe1c8a8","2918","SAO PAULO"
"6c77cd583b36a13aacccf2b3ee23e233","17505","MARILIA"
"5ef131ac72773e5b3f6c0d63cf424657","14075","RIBEIRAO PRETO"
"6cf476a4ca74498db55cbccdaa9dcfb6","2873","SAO PAULO"
"c447f8dd3ed213f291d65ef074a268eb","19802","ASSIS"
"4736e9d642ef4257cd7622516931eb51","13424","PIRACICABA"
"1025f0e2d44d7041d6cf58b6550e0bfa","3204","SAO PAULO"
"c5f7feb04a6a1fb3596322bfc3cf1917","9571","SAO CAETANO DO SUL"
"c3e1abd72a42fe690fcd89cf5720fe29","13840","MOGI GUACU"
"891071be6ba827b591264c90c2ae8a63","3872","SAO PAULO"
"491a5ada3aa1678414e990262c4bbdc1","4208","SAO PAULO"
"7d81e74a4755b552267cd5e081563028","4735","SAO PAULO"
"f8d5c7085db9a4ad2b8c1ffbeb2798c8","4104","SAO PAULO"
"50a7e551a7b3f8d37cd6e32d8bfbe5ea","9520","SAO CAETANO DO SUL"
"ea1776927851da2532aa70d6a32c095a","8223","SAO PAULO"
"60ad151920c4f6f3ebbe8cfdf6166779","6322","CARAPICUIBA"
"59fb871bf6f4522a87ba567b42dafecf","3655","SAO PAULO"
"fa74b2f3287d296e9fbd2cc80f2d1cf1","19023","PRESIDENTE PRUDENTE"
"52454f90d4c30c016768db02f88c1a74","13091","CAMPINAS"
"3338e7a0710a195872be80e0d2423867","13403","PIRACICABA"
"3fac58ce0ad699020c7944d53c41329c","3480","SAO PAULO"
"debe6615cd90cc0c2eac2b8988e1f628","4282","SAO PAULO"
"5ca5d579b5857ee8709479b1047cecc3","4176","SAO PAULO"
"3b872fd4747f01cc56206f2934198618","14940","IBITINGA"
"a4fc6eadaff1576af888509a53420f6a","9561","SAO CAETANO DO SUL"
"6e4a902d1054e4e17aa6eab87fac1c75","18090","SOROCABA"
"92eb0f42c21942b6552362b9b114707d","3504","SAO PAULO"
"f125f3a310c2e5f822d116147de1e474","3068","SAO PAULO"
"b9c0ffa92f3ff9a5a3d45ef7213c0842","8246","SAO PAULO"
"1d139e3a3b14025640d8df1b230aace0","14860","BARRINHA"
"09883d9ab71c8fe8a9bfc7fc3075b07e","8180","SAO PAULO"
"2709af9587499e95e803a6498a5a56e9","3813","SAO PAULO"
"725c32fa80c2faacc4fc88450d27314e","3320","SAO PAULO"
"850913d59ce317156b00f3705f1c3edb","12942","ATIBAIA"
"b17b679f4f5ce2e03ce6968c62648246","14090","RIBEIRAO PRETO"
"baeda7047354773262ba2405f97038ba","13471","AMERICANA"
"167fd940acebc789debd6eb418c46e38","14405","FRANCA"
"4ef4c39cf3c24f326434cf0b2e48046a","5004","SAO PAULO"
"ce616e1913288884e7742faac9d981db","6711","COTIA"
"a1474fd46fd3430168f7ec202da39408","83321","PINHAIS"
"e4253cef933647000a82ff39c67b7bde","5856","SAO PAULO"
"bce6a5ecf98e99fd2a8868b15c51f04b","7180","GUARULHOS"
"ea65d8b58316a6f2362f2a9e4b3e86ad","13030","CAMPINAS"
"686886775c8f6b1191c7b953fb52708c","13920","PEDREIRA"
"0a85ebe4e328db81ac9109781205e2f7","13205","JUNDIAI"
"1660ad786c27fd935378b6192a90b417","9891","SAO BERNARDO DO CAMPO"
"0db783cfcd3b73998abc6e10e59a102f","11010","SANTOS"
"52f9db5cfb423382a2fa5c9e39303202","19830","ECHAPORA"
"e88f7a2995ba184710d339c5c4bf2e30","15505","VOTUPORANGA"
"b76a1f8356322f12529c37b67d5c96c2","11015","SANTOS"
"431af27f296bc6519d890aa5a05fdb11","14110","RIBEIRAO PRETO"
"0f80a40c312b2472dca482cf50f5186f","18681","LENCOIS PAULISTA"
"0be8ff43f22e456b4e0371b2245e4d01","4461","SAO PAULO"
"1835b56ce799e6a4dc4eddc053f04066","14940","IBITINGA"
"2e13c71026e1a39ba5cc1b86dcb679aa","2265","SAO PAULO"
"0af2ab31141893d26aca5a404a537dab","3431","SAO PAULO"
"13d058e4eeac2ce8217660b2f8a05812","6080","OSASCO"
"e00d85ce20ea50c1224c66ca5050527d","6286","OSASCO"
"c273175f7c6c80fb02f051e2fc6d0d72","5849","SAO PAULO"
"f09b760d23495ac9a7e00d29b769007c","15802","CATANDUVA"
"5c243662ce92d84573bfaff24c3e3700","3702","SAO PAULO"
"38874e327ce94d11390b96eb42d61928","8577","ITAQUAQUECETUBA"
"fd386aa7bed2af3c7035c65506c9b4a3","4208","SAO PAULO"
"ff4e2d38692ce827b1a4f4b8196e680d","3319","SAO PAULO"
"7963e546f34e098b578f9ad102494601","5624","SAO PAULO"
"8b655f0855926bcb49f5835d38dfddf6","6192","OSASCO"
"1b7e5006cb25dd23ce8686691013b121","2350","SAO PAULO"
"4559697a8f7e637227c2eeaed843baff","19029","PRESIDENTE PRUDENTE"
"4867209cb29b56b92893d7bde3ce8012","17209","JAU"
"6fa9202c10491e472dffd59a3e82b2a3","18030","SOROCABA"
"c8660dcf9ba70575f45d80fe28c27713","2040","SAO PAULO"
"0b09101900100c0e9d312861fad5a1b9","3168","SAO PAULO"
"e8f6dc8e6a1dcde89d20e3995c8d90b3","3476","SAO PAULO"
"128f9bfbe4c7d5185033914b1de3d39a","12940","ATIBAIA"
"f8db351d8c4c4c22c6835c19a46f01b0","13324","SALTO"
"0743a0239d764b9a0f959a57d07e36ab","3138","SAO PAULO"
"131fcb0a0c9a47bba4474aacff0f14b7","1201","SAO PAULO"
"1b8b75e227c9a9c100d0c210fb6176ce","5468","SAO PAULO"
"eb1bf309f4f6af9a97e9ddac3fdbeabe","9961","DIADEMA"
"5d378b73ab7dd6f0418d743e5dcb0bd1","1026","SAO PAULO"
"39d54ff918774174706fb065d7f9dc07","4243","SAO PAULO"
"d149de2f383552baea37a7198c2296ce","4193","SAO PAULO"
"bf961104a38e01b9062ee026bb657dee","14055","RIBEIRAO PRETO"
"1ca7077d890b907f89be8c954a02686a","6506","SANTANA DE PARNAIBA"
"455f46ef09a9e45667e2981df84b5cc2","18052","SOROCABA"
"3febca52652e7209509ccfe61cbde40e","8596","ITAQUAQUECETUBA"
"d566c37fa119d5e66c4e9052e83ee4ea","4131","SAO PAULO"
"010543a62bd80aa422851e79a3bc7540","1212","SAO PAULO"
"7178e1eaa97257d8b6d4b80efd77a025","18270","TATUI"
"2199e7fe213c16213bf5d6a7eadc9a5d","11900","REGISTRO"
"984c273121e743dd14767befe6cb17f5","13474","AMERICANA"
"2b3e4a2a3ea8e01938cabda2a3e5cc79","4733","SAO PAULO"
"feb793c88d836c3a75efa4b5a3465d70","3165","SAO PAULO"
"e333046ce6517bd8bb510291d44f0130","18950","IPAUSSU"
"5a413ade68e8f8d93071a7f52a64cb9e","3679","SAO PAULO"
"9535a841eecebed61a9fb1ac1cbb5597","1208","SAO PAULO"
"17eea220a40cc0d2c0c5346379682398","3565","SAO PAULO"
"270297ead4c65a6cd2593960d2af6b21","4696","SAO PAULO"
"5f0057b677eb963672bf05dfa3f16c34","1309","SAO PAULO"
"8185694b58b2ba6de20fd41ae608bbea","6764","TABAO DA SERRA"
"17f51e7198701186712e53a39c564617","3908","SAO PAULO"
"b67d6c666e8dce1d078c882825e12704","3641","SAO PAULO"
"fa14641f57b655e933124a9ea49cd7a5","1310","SAO PAULO"
"d1582f4043306e6b91afa6a8a884f898","3445","SAO PAULO"
"d263fa444c1504a75cbca5cc465f592a","13478","AMERICANA"
"f35b3c613c4f7b2275f4185d0a3c59ec","5417","SAO PAULO"
"655220df33262c7e0c4949a147366f94","9951","DIADEMA"
"44f091b5abab8018f682fce8124b85e5","2281","SAO PAULO"
"7210cd29727d674c00741e5e387b3ccd","3279","SAO PAULO"
"f4ce8ca9fa7157e3b33f536ac9a4487d","16306","PENAPOLIS"
"0570350b23eda5444f8d1d9544932058","5104","SAO PAULO"
"d3891911c2feae53c52fea2bd14054e5","6760","SAO PAULO"
"70a12e78e608ac31179aea7f8422044b","12327","JACAREI"
"2eeb6531ee027a48d401e72bebdd87d3","12230","SAO JOSE DOS CAMPOS"
"d101c6da914ae3d53f7bee42283f2fe2","8072","SAO PAULO"
"a00824eb9093d40e589b940ec45c4eb0","18590","BOFETE"
"0015a82c2db000af6aaaf3ae2ecb0532","9080","SANTO ANDRE"
"808d4348b916efa08e766ebad39f61eb","2336","SAO PAULO"
"2d2c62bef4c8ba0dd74e0e228e808539","14096","RIBEIRAO PRETO"
"c1d1ebb4745cc43cb6f05e9c8a705c9a","8070","SAO PAULO"
"ff063b022a9a0aab91bad2c9088760b7","9171","SANTO ANDRE"
"82bd0703a4aefd6b599e5bfdaed378fb","17510","MARILIA"
"7ab0dd5487bab2dc835337b244f689fb","15013","SAO JOSE DO RIO PRETO"
"12a8eb0f8d1cd3270695bf2a99f55966","4607","SAO PAULO"
"beadbee30901a7f61d031b6b686095ad","7097","GUARULHOS"
"bc39d8938f90a3a2b98193723ed59774","7791","CAJAMAR"
"fd312b6bf05efac6c3772d5b52205d8a","18111","VOTORANTIM"
"25cf099de44674fde97473224f9d59ab","6716","COTIA"
"7139dc5186aa238b006e066d8fbab2e4","13901","AMPARO"
"6576fd3e23c88f0e5d4d23f39bba0542","6766","TABOAO DA SERRA"
"0885aaf116795758dfeb5f1032487bcd","8541","FERRAZ DE VASCONCELOS"
"6288c69c4ce638e59925e59193f98b16","9010","SANTO ANDRE"
"dfc5fb7259bb2b599ca565e6e9448f0f","9780","SAO BERNARDO DO CAMPO"
"41958cbd3335433c8740300e8cd600d5","5051","SAO PAULO"
"3a3e46d10f74d8a6ca76e2b538f106a0","2522","SAO PAULO"
"2d2322d842118867781fc737e96d59a1","5879","SAO PAULO"
"5a9b3bcab695173c820e53934574ae80","13320","SALTO"
"7c4618c82226628831613e95e9c22f44","18136","SAO ROQUE"
"06579cb253ecd5a3a12a9e6eb6bf8f47","4007","SAO PAULO - SP"
"4978a02ea9c8be7a9b5480680f40334e","8215","SAO PAULO"
"8e29d051f810eb22959ede205b462b9f","15131","MIRASSOL"
"c12d7463a579237ffb9248bd7cff378b","8275","SAO PAULO"
"dbc51f5e45d654ecc16cb68e6817ecea","14402","FRANCA"
"81f89e42267213cb94da7ddc301651da","19063","PRESIDENTE PRUDENTE"
"630008e0f062605a415d694489f6f82e","1026","SAO PAULO"
"70eea00b476a314817cefde4aad4f89a","13250","ITATIBA"
"282c7480173bb9c01dd41cc739fec010","4795","SAO PAULO"
"4f40d2ed38d1cc945364a7cd202a82c7","2337","SAO PAULO"
"9cad4b68bb993ee401a3c5aaa2bc26dd","16200","BIRIGUI"
"7040e82f899a04d1b434b795a43b4617","1026","SAO PAULO"
"83a75eea11694e36e56dd0cb2240229a","13905","AMPARO"
"a1544b9ea0b2390e020537d4daa89049","13211","JUNDIAI"
"b8a0adc91af209270c2c725168eb00fd","14940","IBITINGA"
"20b54c376b794ed028df09a3cd88e8dc","9560","SAO CAETANO DO SUL"
"e0482f2c769468c3bbcd8a01e09d98c5","2320","SAO PAULO"
"7daca0837f033a41a6f3428c18657533","15170","TANABI"
"a5ff20ff766e7f50bd5066f33da14413","5522","SAO PAULO"
"adbe70ab2c97442046d393988c8d1d27","9321","MAUA"
"74c7dec0a384d8a05950e629bd23bde9","13845","MOGI GUACU"
"89bc797e2e29667aa035d4368f9b7f92","2969","SAO PAULO"
"32f1bb9dfa65bc7df5c0d9d95a616be4","4705","SAO PAULO"
"7d456afc660226829370f3173d14520c","8820","MOGI DAS CRUZES"
"1900267e848ceeba8fa32d80c1a5f5a8","14940","IBITINGA"
"4ce6e5f6c52515177e18c1c9361d8677","9895","SAO BERNARDO DO CAMPO"
"157c3e4b42f81ac4a44e8b1ca2fe9876","3211","SAO PAULO"
"9fbd5666d8618fa571c4230fafa09bd6","4360","SAO PAULO"
"eb9cd5b35d95206585e2185318cb5c61","3064","SAO PAULO"
"08d2d642cf72b622b14dde1d2f5eb2f5","17512","MARILIA"
"525e75a6fb1454a2325ab1734bcec221","6453","BARUERI"
"bc30de0d71bd6260b936a026b5cf7200","13920","PEDREIRA"
"78ba5933c21686d1c2f64669c8c459e7","8810","MOGI DAS CRUZES"
"6ee85be3693ed79a8e80718743d80655","3937","SAO PAULO"
"63272377184e969942f7fff221be858d","3340","SAO PAULO"
"d5ba419e26d246a0719437cf37d9b46d","3437","SAO PAULO"
"fcf16b7a8697e559f0123190bb30177d","3679","SAO PAULO"
"880eda903e719a5f179f7e9fceb3a69d","14610","IPUA"
"7f5e4d5efad7e44b91115dd1decb65f3","12306","JACAREI"
"87b740daf17b5d1be335a64164ec6842","8615","SUZANO"
"d4f91e8be86b38da2ee35bc489645a9d","12512","GUARATINGUETA"
"eb3071b9f0b0ddaa2df5ea130f09f26b","4281","SAO PAULO"
"7b3f6ce5c6c22e9b96e7581ebf0df6e1","13710","TAMBAU"
"31da954dc0855f2495c6310f70a2f931","13601","ARARAS"
"63b9ae557efed31d1f7687917d248a8d","13720","SAO JOSE DO RIO PARDO"
"17e34d8224d27a541263c4c64b11a56b","14085","RIBERAO PRETO"
"ec8879960bd2221d5c32f8e12f7da711","13253","ITATIBA"
"a35124e2d763d7ca3fbe3b97d143200f","4041","SAO PAULO"
"fe1b067411b8c5066e962aa146ccee03","19020","PRESIDENTE PRUDENTE"
"6b9b80d53ba3676eafe60268a810b5a1","31160","BELO HORIZONTE"
"3d62f86afa7c73be2628a3be1423f5a0","12327","JACAREI"
"497709c2976a8fa308730a2dec5b0726","9981","DIADEMA"
"778323240ce2830d68aab11794e00bfb","13600","SAO PAULO"
"89757206b887aed36f3e18d858460fea","3121","SAO PAULO"
"f9244d45189d3a3605499abddeade7d5","3029","SAO PAULO"
"2b3b9ce054da76a7428df143a567b156","3572","SAO PAULO"
"66e0557ecc2b4dbea057e93f215f68d8","4771","SAO PAULO"
"be1e9e378700cecaa4ebf71433d7915c","14025","RIBEIRAO PRETO"
"55c96925041a14097b6a7825554f4ad5","2122","SAO PAULO"
"918f6fbcf3ab724d805867303e593a1b","13273","VALINHOS"
"87e24fc7052259b1f7f607d61c10d8be","5734","SAO PAULO"
"e2c92f9c1c7746d899d18f2e158bbff7","15054","SAO JOSE DO RIO PRETO"
"ea67327e24487bdfac5fbfa37ea124df","14940","IBITINGA"
"db6a4d4b5f1f5f98820ce6ce2619e2de","2968","SAO PAULO"
"c70c1b0d8ca86052f45a432a38b73958","13186","HORTOLANDIA"
"9e6967d3cf386d284251784b18ccb485","9550","SAO CAETANO DO SUL"
"63704069d9bd3a75c1cf59babe56004a","13212","JUNDIAI"
"61b18775be84fb700a6b2d0ba097bf66","14808","ARARAQUARA"
"e94b64dc6979b302a5a5be1662c83bb6","6852","ITAPECERICA DA SERRA"
"9d489893ff6af05029671b785f54b998","13613","LEME"
"f00f5b35d0abcacbdd863672f4bb2c1a","1238","SAO PAULO"
"7bac63f6603d382cc8d0832eb6c100a8","5713","SAO PAULO"
"f1fdf2d13186575751aa25876536d85c","5314","SAO PAULO"
"74871d19219c7d518d0090283e03c137","4650","SAO PAULO"
"9e25199f6ef7e7c347120ff175652c3b","12051","TAUBATE"
